gen_user,test_user,window_idx,anomaly_percentage
1,1,0,0.3563
1,1,1,0.23545
1,1,2,0.30283
1,1,3,0.24307
1,1,4,0.1952
1,1,5,0.47428
1,1,6,0.62787
1,1,7,0.51052
1,1,8,0.51042
1,1,9,0.5188
1,1,10,0.17039
1,1,11,0.49712
1,1,12,0.21112
1,1,13,0.46959
1,1,14,0.49359
1,1,15,0.524
1,1,16,0.40856
1,1,17,0.5149
1,1,18,0.49434
1,1,19,0.46168
1,1,20,0.49349
1,1,21,0.41226
1,1,22,0.44933
1,1,23,0.47785
1,1,24,0.34163
1,1,25,0.37095
1,1,26,0.45999
1,1,27,0.41309
1,1,28,0.49476
1,1,29,0.43383
1,1,30,0.49493
1,1,31,0.17826
1,2,0,0.19412
1,2,1,0.52224
1,2,2,0.32677
1,2,3,0.34903
1,2,4,0.43576
1,2,5,0.49975
1,2,6,0.35465
1,2,7,0.46892
1,2,8,0.42757
1,2,9,0.30797
1,2,10,0.43454
1,2,11,0.37661
1,2,12,0.42821
1,2,13,0.30631
1,2,14,0.49395
1,2,15,0.53478
1,2,16,0.40735
1,2,17,0.32268
1,2,18,0.28849
1,2,19,0.18498
1,2,20,0.51998
1,2,21,0.22305
1,2,22,0.33651
1,2,23,0.38556
1,2,24,0.25202
1,2,25,0.49759
1,2,26,0.49605
1,2,27,0.43617
1,2,28,0.16616
1,3,0,0.36603
1,3,1,0.44714
1,3,2,0.48479
1,3,3,0.54776
1,3,4,0.51075
1,3,5,0.36064
1,3,6,0.49361
1,3,7,0.37
1,3,8,0.45051
1,3,9,0.22153
1,3,10,0.51126
1,3,11,0.52808
1,3,12,0.31545
1,3,13,0.48879
1,3,14,0.51252
1,3,15,0.49307
1,3,16,0.38231
1,3,17,0.53107
1,3,18,0.30748
1,3,19,0.51963
1,3,20,0.46189
1,3,21,0.55496
1,3,22,0.47805
1,3,23,0.52864
1,3,24,0.53656
1,3,25,0.48868
1,3,26,0.49552
1,3,27,0.6657
1,3,28,0.54739
1,3,29,0.37634
1,3,30,0.18491
1,3,31,0.48326
1,4,0,0.50415
1,4,1,0.38344
1,4,2,0.24762
1,4,3,0.49759
1,4,4,0.51684
1,4,5,0.35934
1,4,6,0.56558
1,4,7,0.51527
1,4,8,0.54294
1,4,9,0.47952
1,4,10,0.39102
1,4,11,0.39099
1,4,12,0.39356
1,4,13,0.18438
1,4,14,0.32673
1,4,15,0.31778
1,4,16,0.28873
1,4,17,0.41734
1,4,18,0.19256
1,4,19,0.39923
1,4,20,0.53207
1,4,21,0.53274
1,4,22,0.53597
1,4,23,0.54914
1,4,24,0.42002
1,4,25,0.14281
1,4,26,0.51086
1,4,27,0.45181
1,4,28,0.35785
1,4,29,0.50106
1,4,30,0.32918
1,4,31,0.44193
1,4,32,0.2755
1,4,33,0.49243
1,4,34,0.51267
1,4,35,0.52113
1,4,36,0.38833
1,4,37,0.53906
1,4,38,0.50421
1,4,39,0.5372
1,4,40,0.37228
1,4,41,0.50139
1,4,42,0.4892
1,4,43,0.51659
1,4,44,0.48226
1,4,45,0.54322
1,4,46,0.52538
1,4,47,0.52632
1,4,48,0.45207
1,4,49,0.52292
1,4,50,0.39831
1,4,51,0.376
1,4,52,0.49184
1,4,53,0.48524
1,4,54,0.51169
1,4,55,0.35421
1,4,56,0.50254
1,4,57,0.3957
1,4,58,0.31273
1,4,59,0.52015
1,4,60,0.52206
1,4,61,0.49037
1,4,62,0.41093
1,4,63,0.15982
1,4,64,0.18027
1,4,65,0.43577
1,4,66,0.50531
1,4,67,0.23587
1,4,68,0.253
1,4,69,0.47694
1,4,70,0.50865
1,4,71,0.44977
1,4,72,0.4881
1,4,73,0.51438
1,4,74,0.44865
1,4,75,0.42739
1,4,76,0.38651
1,4,77,0.45906
1,4,78,0.48949
1,4,79,0.48111
1,4,80,0.30494
1,4,81,0.54943
1,4,82,0.48687
1,4,83,0.40229
1,4,84,0.48587
1,4,85,0.51562
1,4,86,0.2953
1,4,87,0.52709
1,4,88,0.32612
1,4,89,0.21356
1,4,90,0.38794
1,4,91,0.21229
1,5,0,0.22754
1,5,1,0.55593
1,5,2,0.53398
1,5,3,0.50963
1,5,4,0.33882
1,5,5,0.47706
1,5,6,0.50984
1,5,7,0.47362
1,5,8,0.38306
1,5,9,0.51996
1,5,10,0.46665
1,5,11,0.51126
1,5,12,0.50997
1,5,13,0.34605
1,5,14,0.49469
1,5,15,0.42185
1,5,16,0.23978
1,5,17,0.36222
1,5,18,0.53307
1,5,19,0.44138
1,5,20,0.54079
1,5,21,0.47484
1,5,22,0.51363
1,5,23,0.55619
1,6,0,0.41835
1,6,1,0.46327
1,6,2,0.51315
1,6,3,0.45482
1,6,4,0.42376
1,6,5,0.45149
1,6,6,0.50155
1,6,7,0.52071
1,6,8,0.47181
1,6,9,0.4696
1,6,10,0.49309
1,6,11,0.44127
1,6,12,0.48158
1,6,13,0.49392
1,6,14,0.3905
1,6,15,0.50541
1,6,16,0.48113
1,6,17,0.54357
1,6,18,0.39089
1,6,19,0.51131
1,6,20,0.52047
1,6,21,0.51093
1,6,22,0.47993
1,6,23,0.48537
1,6,24,0.47477
1,7,0,0.45571
1,7,1,0.36893
1,7,2,0.36627
1,7,3,0.20435
1,7,4,0.36711
1,7,5,0.50747
1,7,6,0.55945
1,7,7,0.36055
1,7,8,0.5325
1,7,9,0.46433
1,7,10,0.56055
1,7,11,0.65589
1,7,12,0.44008
1,7,13,0.47074
1,7,14,0.44181
1,7,15,0.23179
1,7,16,0.39693
1,7,17,0.25012
1,7,18,0.4428
1,7,19,0.18554
1,7,20,0.51906
1,7,21,0.50212
1,7,22,0.4771
1,7,23,0.43863
1,7,24,0.55223
1,8,0,0.56176
1,8,1,0.37535
1,8,2,0.37389
1,8,3,0.31782
1,8,4,0.33374
1,8,5,0.40383
1,8,6,0.41012
1,8,7,0.19737
1,8,8,0.14993
1,8,9,0.50297
1,8,10,0.30797
1,8,11,0.15184
1,8,12,0.24587
1,8,13,0.33783
1,8,14,0.55646
1,8,15,0.1633
1,8,16,0.22456
1,8,17,0.43989
1,8,18,0.38104
1,8,19,0.4946
1,8,20,0.48881
1,8,21,0.50773
1,19,0,0.15267
1,19,1,0.57189
1,19,2,0.31873
1,19,3,0.14332
1,19,4,0.33459
1,19,5,0.38325
1,19,6,0.37045
1,19,7,0.39218
1,19,8,0.52579
1,19,9,0.29686
1,19,10,0.18989
1,19,11,0.49592
1,19,12,0.31911
1,19,13,0.42309
1,19,14,0.49677
1,19,15,0.34728
1,19,16,0.51257
1,19,17,0.4337
1,19,18,0.3414
1,19,19,0.49939
1,19,20,0.50778
1,19,21,0.37442
1,19,22,0.38729
1,19,23,0.35371
1,19,24,0.35243
1,19,25,0.45799
1,19,26,0.49434
1,21,0,0.44633
1,21,1,0.46736
1,21,2,0.49867
1,21,3,0.52483
1,21,4,0.43893
1,21,5,0.58755
1,21,6,0.53762
1,21,7,0.39771
1,21,8,0.38707
1,21,9,0.16926
1,21,10,0.16153
1,21,11,0.23141
1,21,12,0.46286
1,21,13,0.36025
1,21,14,0.36064
1,21,15,0.49654
1,21,16,0.36875
1,21,17,0.30768
1,21,18,0.47624
1,21,19,0.37597
1,21,20,0.5032
1,21,21,0.45816
1,21,22,0.47595
1,21,23,0.20463
1,21,24,0.16928
1,22,0,0.43358
1,22,1,0.49417
1,22,2,0.50901
1,22,3,0.42108
1,22,4,0.49699
1,22,5,0.4347
1,22,6,0.49785
1,22,7,0.37643
1,22,8,0.46019
1,22,9,0.2871
1,22,10,0.35661
1,22,11,0.38326
1,22,12,0.51549
1,22,13,0.52187
1,22,14,0.50085
1,22,15,0.51083
1,22,16,0.41598
1,22,17,0.3358
1,22,18,0.52508
1,22,19,0.51872
1,22,20,0.31585
1,22,21,0.47134
1,22,22,0.47665
1,22,23,0.44757
1,22,24,0.40223
1,22,25,0.33787
1,22,26,0.58045
1,22,27,0.4681
1,22,28,0.34834
1,22,29,0.51626
1,26,0,0.45837
1,26,1,0.4207
1,26,2,0.51051
1,26,3,0.52202
1,26,4,0.39954
1,26,5,0.53916
1,26,6,0.57116
1,26,7,0.40145
1,26,8,0.53954
1,26,9,0.5316
1,26,10,0.4064
1,26,11,0.42936
1,26,12,0.53015
1,26,13,0.4036
1,26,14,0.56676
1,26,15,0.40254
1,26,16,0.52598
1,26,17,0.52401
1,26,18,0.53409
1,26,19,0.3629
1,26,20,0.43304
1,26,21,0.40591
1,26,22,0.49519
1,26,23,0.43163
1,27,0,0.45506
1,27,1,0.50324
1,27,2,0.42495
1,27,3,0.42772
1,27,4,0.37322
1,27,5,0.4218
1,27,6,0.52119
1,27,7,0.43885
1,27,8,0.40259
1,27,9,0.45965
1,27,10,0.43418
1,27,11,0.5351
1,27,12,0.37442
1,27,13,0.4843
1,27,14,0.47626
1,27,15,0.40691
1,27,16,0.47224
1,27,17,0.52106
1,27,18,0.46744
1,27,19,0.40953
1,27,20,0.50827
1,27,21,0.47446
1,27,22,0.42428
1,27,23,0.46325
1,28,0,0.48684
1,28,1,0.52837
1,28,2,0.51068
1,28,3,0.19058
1,28,4,0.52538
1,28,5,0.38435
1,28,6,0.49045
1,28,7,0.37027
1,28,8,0.49164
1,28,9,0.51196
1,28,10,0.43721
1,28,11,0.53844
1,28,12,0.48955
1,28,13,0.47013
1,28,14,0.53759
1,28,15,0.44483
1,28,16,0.36104
1,28,17,0.47935
1,28,18,0.54205
1,28,19,0.51501
1,28,20,0.48506
1,28,21,0.51641
1,28,22,0.53418
1,28,23,0.44147
1,29,0,0.39481
1,29,1,0.24238
1,29,2,0.3941
1,29,3,0.42265
1,29,4,0.46354
1,29,5,0.4483
1,29,6,0.50264
1,29,7,0.19831
1,29,8,0.15228
1,29,9,0.37139
1,29,10,0.50403
1,29,11,0.46313
1,29,12,0.46206
1,29,13,0.37767
1,29,14,0.4531
1,29,15,0.51091
1,29,16,0.44352
1,29,17,0.41773
1,29,18,0.39812
1,29,19,0.51654
1,29,20,0.54441
1,29,21,0.48817
1,29,22,0.41576
1,29,23,0.35328
1,35,0,0.36991
1,35,1,0.40582
1,35,2,0.53335
1,35,3,0.50236
1,35,4,0.52593
1,35,5,0.53448
1,35,6,0.41128
1,35,7,0.51969
1,35,8,0.40289
1,35,9,0.4578
1,35,10,0.44851
1,35,11,0.4945
1,35,12,0.46737
1,35,13,0.47276
1,35,14,0.51052
1,35,15,0.45019
1,35,16,0.51893
1,35,17,0.37667
1,35,18,0.52723
1,35,19,0.37508
1,35,20,0.54019
1,35,21,0.357
1,35,22,0.48644
1,35,23,0.18745
1,36,0,0.28079
1,36,1,0.18447
1,36,2,0.37619
1,36,3,0.0888
1,36,4,0.52296
1,36,5,0.49492
1,36,6,0.3784
1,36,7,0.47225
1,36,8,0.51375
1,36,9,0.30263
1,36,10,0.53319
1,36,11,0.19777
1,36,12,0.15193
1,36,13,0.35343
1,36,14,0.45887
1,36,15,0.53335
1,36,16,0.51803
1,36,17,0.48818
1,36,18,0.21621
1,36,19,0.36799
1,36,20,0.46246
1,36,21,0.38591
1,36,22,0.4778
1,36,23,0.30217
1,37,0,0.46582
1,37,1,0.49446
1,37,2,0.47526
1,37,3,0.48034
1,37,4,0.41042
1,37,5,0.4651
1,37,6,0.48384
1,37,7,0.29904
1,37,8,0.49985
1,37,9,0.45246
1,37,10,0.34129
1,37,11,0.43281
1,37,12,0.49444
1,37,13,0.46642
1,37,14,0.47646
1,37,15,0.46668
1,37,16,0.45588
1,37,17,0.47384
1,37,18,0.48167
1,37,19,0.40943
1,37,20,0.48457
1,37,21,0.50133
1,37,22,0.46453
1,37,23,0.20481
1,37,24,0.45133
1,37,25,0.43887
1,37,26,0.40838
1,37,27,0.46032
1,37,28,0.1958
1,37,29,0.49218
1,37,30,0.50042
1,37,31,0.17884
1,38,0,0.44335
1,38,1,0.54904
1,38,2,0.47407
1,38,3,0.33708
1,38,4,0.51527
1,38,5,0.43659
1,38,6,0.4802
1,38,7,0.16374
1,38,8,0.21645
1,38,9,0.36446
1,38,10,0.5226
1,38,11,0.51396
1,38,12,0.50926
1,38,13,0.52027
1,38,14,0.52462
1,38,15,0.45985
1,38,16,0.45094
1,38,17,0.46563
1,38,18,0.413
1,38,19,0.16039
1,38,20,0.49652
1,38,21,0.40035
1,39,0,0.51886
1,39,1,0.54575
1,39,2,0.54977
1,39,3,0.50759
1,39,4,0.45943
1,39,5,0.53713
1,39,6,0.45148
1,39,7,0.27178
1,39,8,0.52677
1,39,9,0.53274
1,39,10,0.52238
1,39,11,0.42093
1,39,12,0.52316
1,39,13,0.38091
1,39,14,0.41337
1,39,15,0.41839
1,39,16,0.46032
1,39,17,0.36661
1,39,18,0.38001
1,39,19,0.41058
1,39,20,0.38438
1,39,21,0.46054
1,39,22,0.51116
1,40,0,0.50925
1,40,1,0.33375
1,40,2,0.39848
1,40,3,0.53078
1,40,4,0.50854
1,40,5,0.40525
1,40,6,0.50551
1,40,7,0.52771
1,40,8,0.4836
1,40,9,0.55674
1,40,10,0.46159
1,40,11,0.45275
1,40,12,0.51384
1,40,13,0.45779
1,40,14,0.33319
1,40,15,0.41081
1,40,16,0.41457
1,40,17,0.51684
1,40,18,0.52627
1,40,19,0.45307
1,40,20,0.51748
1,40,21,0.20671
1,40,22,0.4567
1,40,23,0.50676
1,41,0,0.17589
1,41,1,0.50486
1,41,2,0.29255
1,41,3,0.15405
1,41,4,0.21912
1,41,5,0.5508
1,41,6,0.21769
1,41,7,0.38836
1,41,8,0.46408
1,41,9,0.48604
1,41,10,0.34313
1,41,11,0.55375
1,41,12,0.31208
1,41,13,0.46921
1,41,14,0.37418
1,41,15,0.35031
1,41,16,0.48688
1,41,17,0.49272
1,41,18,0.47619
1,41,19,0.37056
1,41,20,0.41285
1,41,21,0.51789
1,41,22,0.24126
1,41,23,0.3975
1,42,0,0.37206
1,42,1,0.52847
1,42,2,0.55634
1,42,3,0.31859
1,42,4,0.50062
1,42,5,0.52822
1,42,6,0.49309
1,42,7,0.53776
1,42,8,0.53335
1,42,9,0.52407
1,42,10,0.36112
1,42,11,0.42998
1,42,12,0.53138
1,42,13,0.42583
1,42,14,0.50523
1,42,15,0.40934
1,42,16,0.52491
1,42,17,0.43732
1,42,18,0.49801
1,42,19,0.4626
1,42,20,0.4824
1,42,21,0.46723
1,42,22,0.4905
1,42,23,0.5454
1,43,0,0.54036
1,43,1,0.38931
1,43,2,0.47513
1,43,3,0.44493
1,43,4,0.61832
1,43,5,0.42716
1,43,6,0.53326
1,43,7,0.46426
1,43,8,0.48665
1,43,9,0.44762
1,43,10,0.51978
1,43,11,0.54045
1,43,12,0.50301
1,43,13,0.53032
1,43,14,0.53942
1,43,15,0.51556
1,43,16,0.48993
1,43,17,0.43233
1,43,18,0.33051
1,43,19,0.51937
1,43,20,0.40176
1,43,21,0.41897
1,43,22,0.51844
1,43,23,0.52158
1,44,0,0.48679
1,44,1,0.26397
1,44,2,0.52734
1,44,3,0.46007
1,44,4,0.45563
1,44,5,0.49893
1,44,6,0.47885
1,44,7,0.39332
1,44,8,0.44909
1,44,9,0.52298
1,44,10,0.62847
1,44,11,0.5255
1,44,12,0.40187
1,44,13,0.44633
1,44,14,0.40243
1,44,15,0.53136
1,44,16,0.47544
1,44,17,0.4745
1,44,18,0.51064
1,44,19,0.37175
1,44,20,0.51337
1,44,21,0.53326
1,44,22,0.53465
1,44,23,0.60406
1,45,0,0.37849
1,45,1,0.39676
1,45,2,0.52458
1,45,3,0.19272
1,45,4,0.50923
1,45,5,0.2847
1,45,6,0.49069
1,45,7,0.5073
1,45,8,0.50716
1,45,9,0.52612
1,45,10,0.51647
1,45,11,0.4419
1,45,12,0.4177
1,45,13,0.50725
1,45,14,0.43651
1,45,15,0.45925
1,45,16,0.46147
1,45,17,0.44785
1,45,18,0.50463
1,45,19,0.51839
1,45,20,0.48987
1,45,21,0.51356
1,45,22,0.52621
1,45,23,0.40186
1,46,0,0.53605
1,46,1,0.52085
1,46,2,0.51166
1,46,3,0.5839
1,46,4,0.51118
1,46,5,0.41862
1,46,6,0.51426
1,46,7,0.37732
1,46,8,0.51044
1,46,9,0.485
1,46,10,0.56665
1,46,11,0.5778
1,46,12,0.22397
1,46,13,0.24506
1,46,14,0.24631
1,46,15,0.54228
1,46,16,0.51119
1,46,17,0.54357
1,46,18,0.37947
1,46,19,0.36556
1,46,20,0.36709
1,46,21,0.44498
1,46,22,0.48874
1,46,23,0.3506
1,48,0,0.18027
1,48,1,0.14077
1,48,2,0.29125
1,48,3,0.29742
1,48,4,0.25678
1,48,5,0.26798
1,48,6,0.10839
1,48,7,0.25963
1,48,8,0.21116
1,48,9,0.24027
1,48,10,0.09258
1,48,11,0.23436
1,48,12,0.17745
1,48,13,0.14424
1,48,14,0.16276
1,48,15,0.2104
1,48,16,0.36183
1,48,17,0.32979
1,48,18,0.16053
1,48,19,0.3728
1,48,20,0.32148
1,48,21,0.32732
1,48,22,0.29765
1,48,23,0.32301
1,49,0,0.11175
1,49,1,0.13293
1,49,2,0.28004
1,49,3,0.25857
1,49,4,0.23475
1,49,5,0.17529
1,49,6,0.1158
1,49,7,0.31973
1,49,8,0.25058
1,49,9,0.17185
1,49,10,0.16903
1,49,11,0.18944
1,49,12,0.1834
1,49,13,0.23814
1,49,14,0.23206
1,49,15,0.26135
1,49,16,0.12765
1,49,17,0.10969
1,49,18,0.18218
1,49,19,0.59629
1,49,20,0.33236
1,49,21,0.14168
1,49,22,0.12487
1,49,23,0.10373
2,1,0,0.18973
2,1,1,0.19313
2,1,2,0.22541
2,1,3,0.22293
2,1,4,0.2275
2,1,5,0.25243
2,1,6,0.20012
2,1,7,0.20275
2,1,8,0.18667
2,1,9,0.19185
2,1,10,0.31722
2,1,11,0.23171
2,1,12,0.18686
2,1,13,0.23616
2,1,14,0.2132
2,1,15,0.21201
2,1,16,0.18188
2,1,17,0.20547
2,1,18,0.18917
2,1,19,0.19203
2,1,20,0.18698
2,1,21,0.13405
2,1,22,0.14351
2,1,23,0.19294
2,1,24,0.21593
2,1,25,0.19369
2,1,26,0.21825
2,1,27,0.20297
2,1,28,0.21683
2,1,29,0.17618
2,1,30,0.20856
2,1,31,0.20365
2,2,0,0.19627
2,2,1,0.20844
2,2,2,0.21047
2,2,3,0.21572
2,2,4,0.20573
2,2,5,0.23158
2,2,6,0.22826
2,2,7,0.28117
2,2,8,0.16679
2,2,9,0.20155
2,2,10,0.18085
2,2,11,0.16998
2,2,12,0.37282
2,2,13,0.1661
2,2,14,0.17958
2,2,15,0.2144
2,2,16,0.26155
2,2,17,0.20536
2,2,18,0.17392
2,2,19,0.21347
2,2,20,0.15891
2,2,21,0.20191
2,2,22,0.18045
2,2,23,0.19383
2,2,24,0.17175
2,2,25,0.17133
2,2,26,0.20802
2,2,27,0.19757
2,2,28,0.23399
2,3,0,0.2041
2,3,1,0.20377
2,3,2,0.17021
2,3,3,0.19756
2,3,4,0.30204
2,3,5,0.25188
2,3,6,0.19183
2,3,7,0.19974
2,3,8,0.19254
2,3,9,0.21367
2,3,10,0.18443
2,3,11,0.18235
2,3,12,0.20293
2,3,13,0.20714
2,3,14,0.18339
2,3,15,0.2256
2,3,16,0.19842
2,3,17,0.21244
2,3,18,0.2253
2,3,19,0.18952
2,3,20,0.20519
2,3,21,0.18922
2,3,22,0.2074
2,3,23,0.18627
2,3,24,0.19404
2,3,25,0.19362
2,3,26,0.23396
2,3,27,0.20947
2,3,28,0.19745
2,3,29,0.20014
2,3,30,0.20871
2,3,31,0.21004
2,4,0,0.19926
2,4,1,0.21302
2,4,2,0.19698
2,4,3,0.21347
2,4,4,0.19932
2,4,5,0.23777
2,4,6,0.23096
2,4,7,0.19495
2,4,8,0.20789
2,4,9,0.20663
2,4,10,0.20822
2,4,11,0.18655
2,4,12,0.20195
2,4,13,0.20781
2,4,14,0.21544
2,4,15,0.20282
2,4,16,0.23845
2,4,17,0.20643
2,4,18,0.18136
2,4,19,0.20522
2,4,20,0.1788
2,4,21,0.19959
2,4,22,0.20441
2,4,23,0.27814
2,4,24,0.20994
2,4,25,0.20069
2,4,26,0.2138
2,4,27,0.21471
2,4,28,0.21555
2,4,29,0.18838
2,4,30,0.20768
2,4,31,0.18546
2,4,32,0.17317
2,4,33,0.21397
2,4,34,0.20437
2,4,35,0.20485
2,4,36,0.19919
2,4,37,0.20539
2,4,38,0.14424
2,4,39,0.15673
2,4,40,0.20479
2,4,41,0.18846
2,4,42,0.19651
2,4,43,0.17957
2,4,44,0.1604
2,4,45,0.12906
2,4,46,0.24525
2,4,47,0.19251
2,4,48,0.22206
2,4,49,0.2023
2,4,50,0.20208
2,4,51,0.20525
2,4,52,0.21594
2,4,53,0.23461
2,4,54,0.21278
2,4,55,0.1835
2,4,56,0.17219
2,4,57,0.20163
2,4,58,0.22655
2,4,59,0.21874
2,4,60,0.21192
2,4,61,0.20036
2,4,62,0.19249
2,4,63,0.19984
2,4,64,0.248
2,4,65,0.21247
2,4,66,0.20178
2,4,67,0.18512
2,4,68,0.22169
2,4,69,0.19768
2,4,70,0.16873
2,4,71,0.20176
2,4,72,0.24229
2,4,73,0.2069
2,4,74,0.21495
2,4,75,0.19836
2,4,76,0.19655
2,4,77,0.22232
2,4,78,0.19987
2,4,79,0.19593
2,4,80,0.18902
2,4,81,0.23517
2,4,82,0.19182
2,4,83,0.21376
2,4,84,0.17771
2,4,85,0.21666
2,4,86,0.20778
2,4,87,0.19018
2,4,88,0.1811
2,4,89,0.20715
2,4,90,0.20542
2,4,91,0.24076
2,5,0,0.19305
2,5,1,0.21224
2,5,2,0.20005
2,5,3,0.25753
2,5,4,0.23592
2,5,5,0.20348
2,5,6,0.2323
2,5,7,0.21699
2,5,8,0.20244
2,5,9,0.22013
2,5,10,0.21102
2,5,11,0.19711
2,5,12,0.20956
2,5,13,0.20556
2,5,14,0.20525
2,5,15,0.20414
2,5,16,0.19124
2,5,17,0.20743
2,5,18,0.2318
2,5,19,0.20044
2,5,20,0.20719
2,5,21,0.18673
2,5,22,0.20138
2,5,23,0.22432
2,6,0,0.20827
2,6,1,0.28257
2,6,2,0.22906
2,6,3,0.20126
2,6,4,0.20373
2,6,5,0.20226
2,6,6,0.18868
2,6,7,0.19889
2,6,8,0.19408
2,6,9,0.24358
2,6,10,0.19487
2,6,11,0.17929
2,6,12,0.21562
2,6,13,0.1869
2,6,14,0.20142
2,6,15,0.20554
2,6,16,0.18775
2,6,17,0.19888
2,6,18,0.19196
2,6,19,0.21273
2,6,20,0.19613
2,6,21,0.19435
2,6,22,0.21106
2,6,23,0.16075
2,6,24,0.21228
2,7,0,0.19897
2,7,1,0.25849
2,7,2,0.19382
2,7,3,0.19631
2,7,4,0.17098
2,7,5,0.21309
2,7,6,0.20344
2,7,7,0.17489
2,7,8,0.19349
2,7,9,0.2048
2,7,10,0.20475
2,7,11,0.16686
2,7,12,0.18465
2,7,13,0.37346
2,7,14,0.18834
2,7,15,0.19529
2,7,16,0.18426
2,7,17,0.19886
2,7,18,0.19008
2,7,19,0.19338
2,7,20,0.227
2,7,21,0.18222
2,7,22,0.27237
2,7,23,0.24272
2,7,24,0.20542
2,8,0,0.14353
2,8,1,0.26826
2,8,2,0.26943
2,8,3,0.23435
2,8,4,0.18586
2,8,5,0.18805
2,8,6,0.25303
2,8,7,0.17643
2,8,8,0.14215
2,8,9,0.15712
2,8,10,0.23051
2,8,11,0.23001
2,8,12,0.24498
2,8,13,0.18054
2,8,14,0.20429
2,8,15,0.20473
2,8,16,0.19694
2,8,17,0.21648
2,8,18,0.19568
2,8,19,0.16453
2,8,20,0.24875
2,8,21,0.23377
2,19,0,0.28578
2,19,1,0.23081
2,19,2,0.24668
2,19,3,0.19521
2,19,4,0.18146
2,19,5,0.25606
2,19,6,0.32816
2,19,7,0.1722
2,19,8,0.1936
2,19,9,0.19419
2,19,10,0.18258
2,19,11,0.49796
2,19,12,0.22546
2,19,13,0.20335
2,19,14,0.20369
2,19,15,0.2547
2,19,16,0.24402
2,19,17,0.17333
2,19,18,0.2186
2,19,19,0.19496
2,19,20,0.2101
2,19,21,0.19337
2,19,22,0.22046
2,19,23,0.20929
2,19,24,0.19936
2,19,25,0.21231
2,19,26,0.20632
2,21,0,0.18427
2,21,1,0.19308
2,21,2,0.18864
2,21,3,0.17964
2,21,4,0.17914
2,21,5,0.23209
2,21,6,0.23707
2,21,7,0.22287
2,21,8,0.19046
2,21,9,0.28238
2,21,10,0.18912
2,21,11,0.20531
2,21,12,0.20267
2,21,13,0.14741
2,21,14,0.18952
2,21,15,0.24727
2,21,16,0.26685
2,21,17,0.18483
2,21,18,0.20268
2,21,19,0.19977
2,21,20,0.20496
2,21,21,0.36414
2,21,22,0.21731
2,21,23,0.21303
2,21,24,0.20333
2,22,0,0.14426
2,22,1,0.20245
2,22,2,0.20264
2,22,3,0.26949
2,22,4,0.20525
2,22,5,0.27472
2,22,6,0.27849
2,22,7,0.20921
2,22,8,0.19203
2,22,9,0.21613
2,22,10,0.23179
2,22,11,0.1706
2,22,12,0.16566
2,22,13,0.21698
2,22,14,0.19891
2,22,15,0.20377
2,22,16,0.20724
2,22,17,0.1973
2,22,18,0.32128
2,22,19,0.20415
2,22,20,0.18803
2,22,21,0.26317
2,22,22,0.2037
2,22,23,0.1752
2,22,24,0.20535
2,22,25,0.1942
2,22,26,0.20143
2,22,27,0.20803
2,22,28,0.20644
2,22,29,0.20476
2,26,0,0.25357
2,26,1,0.17888
2,26,2,0.19536
2,26,3,0.16672
2,26,4,0.2193
2,26,5,0.24353
2,26,6,0.22505
2,26,7,0.19907
2,26,8,0.19182
2,26,9,0.20726
2,26,10,0.18125
2,26,11,0.17845
2,26,12,0.20459
2,26,13,0.18909
2,26,14,0.19753
2,26,15,0.20058
2,26,16,0.19767
2,26,17,0.21901
2,26,18,0.2373
2,26,19,0.18401
2,26,20,0.24295
2,26,21,0.1937
2,26,22,0.19086
2,26,23,0.20821
2,27,0,0.20596
2,27,1,0.24283
2,27,2,0.21581
2,27,3,0.19421
2,27,4,0.19952
2,27,5,0.20614
2,27,6,0.19908
2,27,7,0.20966
2,27,8,0.19275
2,27,9,0.19741
2,27,10,0.20413
2,27,11,0.21035
2,27,12,0.19453
2,27,13,0.19733
2,27,14,0.19022
2,27,15,0.23191
2,27,16,0.19961
2,27,17,0.17872
2,27,18,0.1605
2,27,19,0.19771
2,27,20,0.20295
2,27,21,0.16124
2,27,22,0.201
2,27,23,0.18902
2,28,0,0.19314
2,28,1,0.24861
2,28,2,0.19617
2,28,3,0.22163
2,28,4,0.19587
2,28,5,0.19732
2,28,6,0.1843
2,28,7,0.21893
2,28,8,0.16889
2,28,9,0.17056
2,28,10,0.18482
2,28,11,0.2623
2,28,12,0.20352
2,28,13,0.21445
2,28,14,0.22717
2,28,15,0.17484
2,28,16,0.21925
2,28,17,0.19593
2,28,18,0.19904
2,28,19,0.174
2,28,20,0.19024
2,28,21,0.20539
2,28,22,0.21466
2,28,23,0.30496
2,29,0,0.19171
2,29,1,0.20609
2,29,2,0.20141
2,29,3,0.17969
2,29,4,0.22898
2,29,5,0.19811
2,29,6,0.19174
2,29,7,0.20088
2,29,8,0.18804
2,29,9,0.19037
2,29,10,0.20873
2,29,11,0.20337
2,29,12,0.21668
2,29,13,0.2021
2,29,14,0.20292
2,29,15,0.18701
2,29,16,0.19676
2,29,17,0.17809
2,29,18,0.19036
2,29,19,0.2068
2,29,20,0.18285
2,29,21,0.20344
2,29,22,0.18882
2,29,23,0.18218
2,35,0,0.20503
2,35,1,0.22197
2,35,2,0.21654
2,35,3,0.20883
2,35,4,0.22888
2,35,5,0.20511
2,35,6,0.21648
2,35,7,0.22601
2,35,8,0.21839
2,35,9,0.20186
2,35,10,0.21102
2,35,11,0.18349
2,35,12,0.19518
2,35,13,0.21911
2,35,14,0.19872
2,35,15,0.2673
2,35,16,0.21744
2,35,17,0.20649
2,35,18,0.22274
2,35,19,0.21921
2,35,20,0.22993
2,35,21,0.21003
2,35,22,0.16609
2,35,23,0.21107
2,36,0,0.20762
2,36,1,0.19432
2,36,2,0.21052
2,36,3,0.1785
2,36,4,0.18789
2,36,5,0.20986
2,36,6,0.2
2,36,7,0.28708
2,36,8,0.12764
2,36,9,0.22976
2,36,10,0.20241
2,36,11,0.21838
2,36,12,0.18704
2,36,13,0.15883
2,36,14,0.20687
2,36,15,0.2769
2,36,16,0.19222
2,36,17,0.18998
2,36,18,0.19274
2,36,19,0.18965
2,36,20,0.20006
2,36,21,0.19334
2,36,22,0.18086
2,36,23,0.2029
2,37,0,0.20903
2,37,1,0.19964
2,37,2,0.39281
2,37,3,0.18583
2,37,4,0.19479
2,37,5,0.29591
2,37,6,0.19615
2,37,7,0.19579
2,37,8,0.24626
2,37,9,0.19207
2,37,10,0.18893
2,37,11,0.19333
2,37,12,0.18826
2,37,13,0.19418
2,37,14,0.18227
2,37,15,0.19333
2,37,16,0.2337
2,37,17,0.28676
2,37,18,0.18157
2,37,19,0.17592
2,37,20,0.21914
2,37,21,0.17375
2,37,22,0.16925
2,37,23,0.19838
2,37,24,0.19682
2,37,25,0.18302
2,37,26,0.18376
2,37,27,0.20479
2,37,28,0.18625
2,37,29,0.18055
2,37,30,0.1937
2,37,31,0.16989
2,38,0,0.16717
2,38,1,0.1874
2,38,2,0.23897
2,38,3,0.19455
2,38,4,0.18056
2,38,5,0.19602
2,38,6,0.17402
2,38,7,0.19943
2,38,8,0.24871
2,38,9,0.22568
2,38,10,0.19534
2,38,11,0.29223
2,38,12,0.15202
2,38,13,0.22679
2,38,14,0.25316
2,38,15,0.16574
2,38,16,0.21616
2,38,17,0.18951
2,38,18,0.20873
2,38,19,0.17123
2,38,20,0.17621
2,38,21,0.18932
2,39,0,0.19563
2,39,1,0.18453
2,39,2,0.2111
2,39,3,0.18086
2,39,4,0.20266
2,39,5,0.20278
2,39,6,0.21468
2,39,7,0.20015
2,39,8,0.19165
2,39,9,0.22753
2,39,10,0.19655
2,39,11,0.15047
2,39,12,0.19972
2,39,13,0.20796
2,39,14,0.20165
2,39,15,0.20908
2,39,16,0.20058
2,39,17,0.2031
2,39,18,0.24674
2,39,19,0.19318
2,39,20,0.2041
2,39,21,0.28732
2,39,22,0.20378
2,40,0,0.20184
2,40,1,0.20475
2,40,2,0.20254
2,40,3,0.20058
2,40,4,0.19426
2,40,5,0.20497
2,40,6,0.20041
2,40,7,0.22175
2,40,8,0.20019
2,40,9,0.19804
2,40,10,0.22015
2,40,11,0.17107
2,40,12,0.19405
2,40,13,0.19055
2,40,14,0.19351
2,40,15,0.22162
2,40,16,0.20176
2,40,17,0.19367
2,40,18,0.18189
2,40,19,0.17315
2,40,20,0.20581
2,40,21,0.16888
2,40,22,0.19428
2,40,23,0.19706
2,41,0,0.18176
2,41,1,0.19092
2,41,2,0.24056
2,41,3,0.23548
2,41,4,0.21348
2,41,5,0.20756
2,41,6,0.20974
2,41,7,0.21702
2,41,8,0.16305
2,41,9,0.19253
2,41,10,0.20692
2,41,11,0.20859
2,41,12,0.22188
2,41,13,0.19335
2,41,14,0.25048
2,41,15,0.19973
2,41,16,0.19903
2,41,17,0.18757
2,41,18,0.18088
2,41,19,0.25055
2,41,20,0.23468
2,41,21,0.23868
2,41,22,0.2116
2,41,23,0.21314
2,42,0,0.21237
2,42,1,0.20939
2,42,2,0.20883
2,42,3,0.22883
2,42,4,0.20682
2,42,5,0.18131
2,42,6,0.23459
2,42,7,0.20631
2,42,8,0.23058
2,42,9,0.21007
2,42,10,0.21567
2,42,11,0.19367
2,42,12,0.20575
2,42,13,0.20549
2,42,14,0.16388
2,42,15,0.20442
2,42,16,0.19882
2,42,17,0.19266
2,42,18,0.19473
2,42,19,0.19163
2,42,20,0.18506
2,42,21,0.18438
2,42,22,0.15729
2,42,23,0.18416
2,43,0,0.18343
2,43,1,0.20903
2,43,2,0.16241
2,43,3,0.20595
2,43,4,0.20085
2,43,5,0.22102
2,43,6,0.19791
2,43,7,0.21577
2,43,8,0.22884
2,43,9,0.20757
2,43,10,0.2206
2,43,11,0.19088
2,43,12,0.2211
2,43,13,0.20201
2,43,14,0.19567
2,43,15,0.18405
2,43,16,0.2022
2,43,17,0.23192
2,43,18,0.20373
2,43,19,0.19131
2,43,20,0.21237
2,43,21,0.1725
2,43,22,0.2154
2,43,23,0.23602
2,44,0,0.19165
2,44,1,0.21162
2,44,2,0.20819
2,44,3,0.21307
2,44,4,0.20219
2,44,5,0.2713
2,44,6,0.21459
2,44,7,0.21354
2,44,8,0.19104
2,44,9,0.20617
2,44,10,0.20113
2,44,11,0.15482
2,44,12,0.22203
2,44,13,0.25122
2,44,14,0.21308
2,44,15,0.2215
2,44,16,0.24977
2,44,17,0.21497
2,44,18,0.25837
2,44,19,0.21579
2,44,20,0.18039
2,44,21,0.23198
2,44,22,0.20901
2,44,23,0.2222
2,45,0,0.19038
2,45,1,0.19045
2,45,2,0.21172
2,45,3,0.18839
2,45,4,0.2309
2,45,5,0.20377
2,45,6,0.22272
2,45,7,0.20902
2,45,8,0.20227
2,45,9,0.20184
2,45,10,0.19792
2,45,11,0.20087
2,45,12,0.19589
2,45,13,0.18688
2,45,14,0.20213
2,45,15,0.20332
2,45,16,0.19996
2,45,17,0.20312
2,45,18,0.20764
2,45,19,0.20303
2,45,20,0.19298
2,45,21,0.21445
2,45,22,0.19754
2,45,23,0.20659
2,46,0,0.21427
2,46,1,0.22971
2,46,2,0.20742
2,46,3,0.20838
2,46,4,0.27767
2,46,5,0.20075
2,46,6,0.2027
2,46,7,0.18506
2,46,8,0.21326
2,46,9,0.18943
2,46,10,0.26592
2,46,11,0.21492
2,46,12,0.20316
2,46,13,0.18425
2,46,14,0.19681
2,46,15,0.2043
2,46,16,0.20041
2,46,17,0.23498
2,46,18,0.21567
2,46,19,0.20257
2,46,20,0.19567
2,46,21,0.18718
2,46,22,0.22337
2,46,23,0.20147
2,48,0,0.17746
2,48,1,0.18725
2,48,2,0.37329
2,48,3,0.18139
2,48,4,0.21307
2,48,5,0.20073
2,48,6,0.19411
2,48,7,0.19525
2,48,8,0.18762
2,48,9,0.19343
2,48,10,0.18515
2,48,11,0.19772
2,48,12,0.20398
2,48,13,0.19921
2,48,14,0.19617
2,48,15,0.18441
2,48,16,0.2016
2,48,17,0.20024
2,48,18,0.19501
2,48,19,0.16924
2,48,20,0.18922
2,48,21,0.20217
2,48,22,0.19382
2,48,23,0.1936
2,49,0,0.19459
2,49,1,0.19759
2,49,2,0.57708
2,49,3,0.19498
2,49,4,0.20124
2,49,5,0.19877
2,49,6,0.20274
2,49,7,0.19481
2,49,8,0.20796
2,49,9,0.17948
2,49,10,0.20983
2,49,11,0.19569
2,49,12,0.19702
2,49,13,0.20548
2,49,14,0.1946
2,49,15,0.18157
2,49,16,0.19529
2,49,17,0.20046
2,49,18,0.21707
2,49,19,0.48387
2,49,20,0.19369
2,49,21,0.19188
2,49,22,0.20941
2,49,23,0.19707
3,1,0,0.10106
3,1,1,0.14985
3,1,2,0.10476
3,1,3,0.09875
3,1,4,0.08098
3,1,5,0.21976
3,1,6,0.17441
3,1,7,0.20212
3,1,8,0.1605
3,1,9,0.25011
3,1,10,0.17368
3,1,11,0.16157
3,1,12,0.11438
3,1,13,0.14546
3,1,14,0.24489
3,1,15,0.18014
3,1,16,0.2636
3,1,17,0.22841
3,1,18,0.15677
3,1,19,0.19546
3,1,20,0.09347
3,1,21,0.14346
3,1,22,0.18484
3,1,23,0.21604
3,1,24,0.16972
3,1,25,0.21588
3,1,26,0.2479
3,1,27,0.23733
3,1,28,0.25356
3,1,29,0.25317
3,1,30,0.11447
3,1,31,0.20377
3,2,0,0.14746
3,2,1,0.20019
3,2,2,0.07519
3,2,3,0.10544
3,2,4,0.16785
3,2,5,0.17063
3,2,6,0.13001
3,2,7,0.09288
3,2,8,0.26735
3,2,9,0.32624
3,2,10,0.10962
3,2,11,0.14613
3,2,12,0.06947
3,2,13,0.09299
3,2,14,0.21281
3,2,15,0.20362
3,2,16,0.24263
3,2,17,0.17112
3,2,18,0.23105
3,2,19,0.25142
3,2,20,0.15376
3,2,21,0.21805
3,2,22,0.18267
3,2,23,0.14635
3,2,24,0.2101
3,2,25,0.1513
3,2,26,0.13627
3,2,27,0.10435
3,2,28,0.20834
3,3,0,0.25325
3,3,1,0.29007
3,3,2,0.14776
3,3,3,0.136
3,3,4,0.16546
3,3,5,0.1619
3,3,6,0.15562
3,3,7,0.16764
3,3,8,0.24659
3,3,9,0.11528
3,3,10,0.12
3,3,11,0.14769
3,3,12,0.16664
3,3,13,0.25076
3,3,14,0.24537
3,3,15,0.1635
3,3,16,0.17425
3,3,17,0.23304
3,3,18,0.10565
3,3,19,0.19312
3,3,20,0.16724
3,3,21,0.24619
3,3,22,0.27942
3,3,23,0.14023
3,3,24,0.10681
3,3,25,0.16821
3,3,26,0.15077
3,3,27,0.17733
3,3,28,0.10517
3,3,29,0.15644
3,3,30,0.15955
3,3,31,0.13746
3,4,0,0.26809
3,4,1,0.14676
3,4,2,0.16295
3,4,3,0.15516
3,4,4,0.20214
3,4,5,0.17368
3,4,6,0.14776
3,4,7,0.17549
3,4,8,0.13897
3,4,9,0.12078
3,4,10,0.18624
3,4,11,0.16099
3,4,12,0.15253
3,4,13,0.13978
3,4,14,0.28006
3,4,15,0.15709
3,4,16,0.15981
3,4,17,0.17968
3,4,18,0.14357
3,4,19,0.08637
3,4,20,0.17569
3,4,21,0.1155
3,4,22,0.24245
3,4,23,0.08616
3,4,24,0.10276
3,4,25,0.18531
3,4,26,0.16774
3,4,27,0.17037
3,4,28,0.30339
3,4,29,0.25834
3,4,30,0.24473
3,4,31,0.17278
3,4,32,0.18635
3,4,33,0.1897
3,4,34,0.16232
3,4,35,0.20207
3,4,36,0.1849
3,4,37,0.21437
3,4,38,0.09905
3,4,39,0.20874
3,4,40,0.15398
3,4,41,0.17345
3,4,42,0.14432
3,4,43,0.16419
3,4,44,0.20515
3,4,45,0.1561
3,4,46,0.10843
3,4,47,0.31443
3,4,48,0.14578
3,4,49,0.21998
3,4,50,0.17114
3,4,51,0.16486
3,4,52,0.16229
3,4,53,0.15724
3,4,54,0.08603
3,4,55,0.14466
3,4,56,0.14223
3,4,57,0.14649
3,4,58,0.16138
3,4,59,0.10253
3,4,60,0.16697
3,4,61,0.21066
3,4,62,0.23418
3,4,63,0.15916
3,4,64,0.15599
3,4,65,0.1608
3,4,66,0.17093
3,4,67,0.166
3,4,68,0.1882
3,4,69,0.14235
3,4,70,0.14468
3,4,71,0.15415
3,4,72,0.09731
3,4,73,0.15013
3,4,74,0.09721
3,4,75,0.24954
3,4,76,0.19554
3,4,77,0.27005
3,4,78,0.14412
3,4,79,0.17943
3,4,80,0.0879
3,4,81,0.12524
3,4,82,0.22315
3,4,83,0.24039
3,4,84,0.13956
3,4,85,0.258
3,4,86,0.09555
3,4,87,0.16396
3,4,88,0.15768
3,4,89,0.18323
3,4,90,0.10259
3,4,91,0.14191
3,5,0,0.0608
3,5,1,0.20618
3,5,2,0.23043
3,5,3,0.12796
3,5,4,0.1652
3,5,5,0.33837
3,5,6,0.14711
3,5,7,0.15118
3,5,8,0.10982
3,5,9,0.25337
3,5,10,0.15232
3,5,11,0.22938
3,5,12,0.14873
3,5,13,0.10595
3,5,14,0.19528
3,5,15,0.18763
3,5,16,0.14603
3,5,17,0.18057
3,5,18,0.10035
3,5,19,0.20102
3,5,20,0.15184
3,5,21,0.21094
3,5,22,0.18508
3,5,23,0.22961
3,6,0,0.23828
3,6,1,0.09441
3,6,2,0.1288
3,6,3,0.12835
3,6,4,0.15292
3,6,5,0.16919
3,6,6,0.1034
3,6,7,0.12481
3,6,8,0.13175
3,6,9,0.15684
3,6,10,0.17857
3,6,11,0.16371
3,6,12,0.16763
3,6,13,0.15846
3,6,14,0.18505
3,6,15,0.24329
3,6,16,0.27703
3,6,17,0.16221
3,6,18,0.19102
3,6,19,0.15981
3,6,20,0.15811
3,6,21,0.11607
3,6,22,0.26283
3,6,23,0.17082
3,6,24,0.151
3,7,0,0.26881
3,7,1,0.11866
3,7,2,0.1289
3,7,3,0.24478
3,7,4,0.1484
3,7,5,0.13959
3,7,6,0.17291
3,7,7,0.21094
3,7,8,0.19545
3,7,9,0.13324
3,7,10,0.13584
3,7,11,0.12976
3,7,12,0.11961
3,7,13,0.1671
3,7,14,0.17217
3,7,15,0.15446
3,7,16,0.17982
3,7,17,0.18995
3,7,18,0.21324
3,7,19,0.12254
3,7,20,0.23781
3,7,21,0.20551
3,7,22,0.17931
3,7,23,0.18689
3,7,24,0.11136
3,8,0,0.09987
3,8,1,0.18856
3,8,2,0.05899
3,8,3,0.11062
3,8,4,0.18929
3,8,5,0.11559
3,8,6,0.13908
3,8,7,0.23285
3,8,8,0.13844
3,8,9,0.16475
3,8,10,0.19598
3,8,11,0.11013
3,8,12,0.10888
3,8,13,0.16111
3,8,14,0.12908
3,8,15,0.23202
3,8,16,0.16801
3,8,17,0.23165
3,8,18,0.24301
3,8,19,0.17592
3,8,20,0.16415
3,8,21,0.23054
3,19,0,0.27097
3,19,1,0.10739
3,19,2,0.22111
3,19,3,0.12181
3,19,4,0.24414
3,19,5,0.11927
3,19,6,0.2114
3,19,7,0.23121
3,19,8,0.19412
3,19,9,0.17777
3,19,10,0.17973
3,19,11,0.23201
3,19,12,0.20962
3,19,13,0.23795
3,19,14,0.09898
3,19,15,0.23402
3,19,16,0.16095
3,19,17,0.20826
3,19,18,0.1733
3,19,19,0.20267
3,19,20,0.21159
3,19,21,0.20491
3,19,22,0.14354
3,19,23,0.19993
3,19,24,0.25001
3,19,25,0.14989
3,19,26,0.18678
3,21,0,0.21498
3,21,1,0.22065
3,21,2,0.16782
3,21,3,0.20665
3,21,4,0.29272
3,21,5,0.15502
3,21,6,0.15868
3,21,7,0.1832
3,21,8,0.123
3,21,9,0.16234
3,21,10,0.22517
3,21,11,0.27588
3,21,12,0.15634
3,21,13,0.15871
3,21,14,0.21645
3,21,15,0.19526
3,21,16,0.12784
3,21,17,0.182
3,21,18,0.31539
3,21,19,0.18538
3,21,20,0.18539
3,21,21,0.14484
3,21,22,0.15481
3,21,23,0.24243
3,21,24,0.20946
3,22,0,0.08563
3,22,1,0.15884
3,22,2,0.16314
3,22,3,0.20583
3,22,4,0.17719
3,22,5,0.1894
3,22,6,0.22988
3,22,7,0.22278
3,22,8,0.20833
3,22,9,0.1723
3,22,10,0.17631
3,22,11,0.14541
3,22,12,0.22104
3,22,13,0.12046
3,22,14,0.15588
3,22,15,0.1128
3,22,16,0.15282
3,22,17,0.19675
3,22,18,0.17395
3,22,19,0.20895
3,22,20,0.16785
3,22,21,0.12589
3,22,22,0.13225
3,22,23,0.38445
3,22,24,0.17715
3,22,25,0.06819
3,22,26,0.18613
3,22,27,0.17075
3,22,28,0.15652
3,22,29,0.179
3,26,0,0.17029
3,26,1,0.18932
3,26,2,0.18037
3,26,3,0.1929
3,26,4,0.15379
3,26,5,0.14795
3,26,6,0.22389
3,26,7,0.27205
3,26,8,0.15437
3,26,9,0.2343
3,26,10,0.12073
3,26,11,0.18147
3,26,12,0.10259
3,26,13,0.15131
3,26,14,0.12267
3,26,15,0.11523
3,26,16,0.08734
3,26,17,0.29152
3,26,18,0.14002
3,26,19,0.1992
3,26,20,0.23648
3,26,21,0.15002
3,26,22,0.12398
3,26,23,0.19702
3,27,0,0.20095
3,27,1,0.09112
3,27,2,0.17468
3,27,3,0.15414
3,27,4,0.18288
3,27,5,0.12155
3,27,6,0.16357
3,27,7,0.157
3,27,8,0.20184
3,27,9,0.12944
3,27,10,0.16397
3,27,11,0.23615
3,27,12,0.15671
3,27,13,0.18855
3,27,14,0.18171
3,27,15,0.16638
3,27,16,0.19828
3,27,17,0.17394
3,27,18,0.24259
3,27,19,0.16821
3,27,20,0.19445
3,27,21,0.22339
3,27,22,0.1714
3,27,23,0.12689
3,28,0,0.13811
3,28,1,0.15002
3,28,2,0.14714
3,28,3,0.16542
3,28,4,0.16476
3,28,5,0.20646
3,28,6,0.10118
3,28,7,0.17106
3,28,8,0.16247
3,28,9,0.12988
3,28,10,0.18401
3,28,11,0.1641
3,28,12,0.2206
3,28,13,0.16205
3,28,14,0.21512
3,28,15,0.15948
3,28,16,0.19668
3,28,17,0.17235
3,28,18,0.16453
3,28,19,0.18246
3,28,20,0.11549
3,28,21,0.14167
3,28,22,0.23043
3,28,23,0.26018
3,29,0,0.14729
3,29,1,0.10436
3,29,2,0.18751
3,29,3,0.13754
3,29,4,0.14943
3,29,5,0.18663
3,29,6,0.14777
3,29,7,0.19217
3,29,8,0.19053
3,29,9,0.17414
3,29,10,0.16384
3,29,11,0.18127
3,29,12,0.22852
3,29,13,0.22509
3,29,14,0.16459
3,29,15,0.1505
3,29,16,0.16042
3,29,17,0.26387
3,29,18,0.10806
3,29,19,0.13564
3,29,20,0.14444
3,29,21,0.10816
3,29,22,0.14933
3,29,23,0.18399
3,35,0,0.31116
3,35,1,0.22541
3,35,2,0.172
3,35,3,0.18768
3,35,4,0.15888
3,35,5,0.22545
3,35,6,0.16997
3,35,7,0.12788
3,35,8,0.23192
3,35,9,0.16745
3,35,10,0.10639
3,35,11,0.15258
3,35,12,0.19824
3,35,13,0.1773
3,35,14,0.17084
3,35,15,0.22331
3,35,16,0.1699
3,35,17,0.98306
3,35,18,0.2098
3,35,19,0.26364
3,35,20,0.1782
3,35,21,0.14904
3,35,22,0.15361
3,35,23,0.19806
3,36,0,0.12572
3,36,1,0.14624
3,36,2,0.24352
3,36,3,0.18657
3,36,4,0.23133
3,36,5,0.22558
3,36,6,0.15848
3,36,7,0.16082
3,36,8,0.29614
3,36,9,0.16809
3,36,10,0.15596
3,36,11,0.18936
3,36,12,0.07326
3,36,13,0.1912
3,36,14,0.22558
3,36,15,0.17686
3,36,16,0.14117
3,36,17,0.35802
3,36,18,0.18421
3,36,19,0.19535
3,36,20,0.1295
3,36,21,0.23537
3,36,22,0.26585
3,36,23,0.15734
3,37,0,0.16843
3,37,1,0.16747
3,37,2,0.47696
3,37,3,0.20043
3,37,4,0.17304
3,37,5,0.2713
3,37,6,0.24362
3,37,7,0.20423
3,37,8,0.18121
3,37,9,0.21816
3,37,10,0.17781
3,37,11,0.08447
3,37,12,0.24683
3,37,13,0.2406
3,37,14,0.16428
3,37,15,0.17575
3,37,16,0.16754
3,37,17,0.16086
3,37,18,0.19215
3,37,19,0.16121
3,37,20,0.2143
3,37,21,0.17745
3,37,22,0.14142
3,37,23,0.1746
3,37,24,0.15467
3,37,25,0.10619
3,37,26,0.18185
3,37,27,0.21099
3,37,28,0.13368
3,37,29,0.12992
3,37,30,0.10263
3,37,31,0.22213
3,38,0,0.22238
3,38,1,0.16959
3,38,2,0.13206
3,38,3,0.2282
3,38,4,0.23464
3,38,5,0.142
3,38,6,0.17132
3,38,7,0.25943
3,38,8,0.19199
3,38,9,0.19064
3,38,10,0.15278
3,38,11,0.09922
3,38,12,0.17784
3,38,13,0.23667
3,38,14,0.15903
3,38,15,0.22525
3,38,16,0.14732
3,38,17,0.18052
3,38,18,0.19456
3,38,19,0.14719
3,38,20,0.20097
3,38,21,0.12813
3,39,0,0.1531
3,39,1,0.08848
3,39,2,0.158
3,39,3,0.15509
3,39,4,0.16311
3,39,5,0.2488
3,39,6,0.15827
3,39,7,0.20762
3,39,8,0.15532
3,39,9,0.14658
3,39,10,0.18409
3,39,11,0.1286
3,39,12,0.12245
3,39,13,0.16952
3,39,14,0.17847
3,39,15,0.2166
3,39,16,0.07382
3,39,17,0.12116
3,39,18,0.19907
3,39,19,0.23068
3,39,20,0.14782
3,39,21,0.14544
3,39,22,0.16656
3,40,0,0.27736
3,40,1,0.1802
3,40,2,0.16255
3,40,3,0.1522
3,40,4,0.17339
3,40,5,0.22739
3,40,6,0.17874
3,40,7,0.16746
3,40,8,0.19321
3,40,9,0.16949
3,40,10,0.12832
3,40,11,0.18403
3,40,12,0.22624
3,40,13,0.15972
3,40,14,0.19441
3,40,15,0.27224
3,40,16,0.21867
3,40,17,0.19607
3,40,18,0.18094
3,40,19,0.1573
3,40,20,0.15301
3,40,21,0.23982
3,40,22,0.18592
3,40,23,0.14594
3,41,0,0.29308
3,41,1,0.12097
3,41,2,0.14022
3,41,3,0.11207
3,41,4,0.15995
3,41,5,0.20296
3,41,6,0.1574
3,41,7,0.14751
3,41,8,0.17939
3,41,9,0.11911
3,41,10,0.12148
3,41,11,0.1514
3,41,12,0.17895
3,41,13,0.15967
3,41,14,0.17357
3,41,15,0.16935
3,41,16,0.24937
3,41,17,0.19823
3,41,18,0.22617
3,41,19,0.24828
3,41,20,0.13244
3,41,21,0.18729
3,41,22,0.15708
3,41,23,0.1717
3,42,0,0.17123
3,42,1,0.1391
3,42,2,0.1864
3,42,3,0.14973
3,42,4,0.17841
3,42,5,0.24591
3,42,6,0.30173
3,42,7,0.19053
3,42,8,0.15054
3,42,9,0.1578
3,42,10,0.13883
3,42,11,0.24829
3,42,12,0.09271
3,42,13,0.29736
3,42,14,0.17278
3,42,15,0.16852
3,42,16,0.16642
3,42,17,0.15906
3,42,18,0.18949
3,42,19,0.16188
3,42,20,0.18783
3,42,21,0.1748
3,42,22,0.13794
3,42,23,0.12616
3,43,0,0.27425
3,43,1,0.34837
3,43,2,0.16893
3,43,3,0.09732
3,43,4,0.19023
3,43,5,0.14163
3,43,6,0.1568
3,43,7,0.09885
3,43,8,0.15639
3,43,9,0.1494
3,43,10,0.15525
3,43,11,0.18896
3,43,12,0.17251
3,43,13,0.12457
3,43,14,0.19449
3,43,15,0.16031
3,43,16,0.11628
3,43,17,0.093
3,43,18,0.09504
3,43,19,0.19378
3,43,20,0.21447
3,43,21,0.19834
3,43,22,0.2077
3,43,23,0.22129
3,44,0,0.17898
3,44,1,0.09015
3,44,2,0.11798
3,44,3,0.08798
3,44,4,0.2415
3,44,5,0.15246
3,44,6,0.17018
3,44,7,0.16339
3,44,8,0.23891
3,44,9,0.19748
3,44,10,0.21218
3,44,11,0.16346
3,44,12,0.10444
3,44,13,0.21078
3,44,14,0.17549
3,44,15,0.17392
3,44,16,0.10969
3,44,17,0.18786
3,44,18,0.19384
3,44,19,0.15969
3,44,20,0.14073
3,44,21,0.27439
3,44,22,0.2108
3,44,23,0.09597
3,45,0,0.17085
3,45,1,0.1457
3,45,2,0.17352
3,45,3,0.22155
3,45,4,0.23233
3,45,5,0.1842
3,45,6,0.26427
3,45,7,0.18073
3,45,8,0.16944
3,45,9,0.17304
3,45,10,0.17376
3,45,11,0.10208
3,45,12,0.23603
3,45,13,0.15186
3,45,14,0.11133
3,45,15,0.22302
3,45,16,0.25192
3,45,17,0.17973
3,45,18,0.2087
3,45,19,0.17588
3,45,20,0.15464
3,45,21,0.14375
3,45,22,0.16497
3,45,23,0.17156
3,46,0,0.14798
3,46,1,0.15439
3,46,2,0.15529
3,46,3,0.1935
3,46,4,0.1619
3,46,5,0.19681
3,46,6,0.16766
3,46,7,0.14037
3,46,8,0.17433
3,46,9,0.17041
3,46,10,0.16999
3,46,11,0.18314
3,46,12,0.14235
3,46,13,0.29648
3,46,14,0.10476
3,46,15,0.1317
3,46,16,0.17733
3,46,17,0.18144
3,46,18,0.21131
3,46,19,0.07973
3,46,20,0.28917
3,46,21,0.17788
3,46,22,0.17965
3,46,23,0.1556
3,48,0,0.21449
3,48,1,0.13262
3,48,2,0.33809
3,48,3,0.27526
3,48,4,0.14822
3,48,5,0.17658
3,48,6,0.20201
3,48,7,0.26146
3,48,8,0.2094
3,48,9,0.22818
3,48,10,0.24094
3,48,11,0.22135
3,48,12,0.20623
3,48,13,0.14617
3,48,14,0.10564
3,48,15,0.22119
3,48,16,0.21558
3,48,17,0.19183
3,48,18,0.12711
3,48,19,0.22019
3,48,20,0.21197
3,48,21,0.17399
3,48,22,0.1878
3,48,23,0.14661
3,49,0,0.1309
3,49,1,0.22567
3,49,2,0.35789
3,49,3,0.18943
3,49,4,0.17128
3,49,5,0.27617
3,49,6,0.24691
3,49,7,0.20197
3,49,8,0.23209
3,49,9,0.17318
3,49,10,0.21123
3,49,11,0.11516
3,49,12,0.2607
3,49,13,0.25001
3,49,14,0.19333
3,49,15,0.22338
3,49,16,0.24842
3,49,17,0.13776
3,49,18,0.27838
3,49,19,26.31892
3,49,20,0.25016
3,49,21,0.14913
3,49,22,0.27425
3,49,23,0.13646
4,1,0,0.1107
4,1,1,0.18796
4,1,2,0.16907
4,1,3,0.2369
4,1,4,0.09305
4,1,5,0.189
4,1,6,0.19192
4,1,7,0.24423
4,1,8,0.25666
4,1,9,0.1052
4,1,10,0.13423
4,1,11,0.21008
4,1,12,0.22714
4,1,13,0.20799
4,1,14,0.09715
4,1,15,0.21801
4,1,16,0.25663
4,1,17,0.21343
4,1,18,0.21783
4,1,19,0.18545
4,1,20,0.20133
4,1,21,0.18384
4,1,22,0.10352
4,1,23,0.19875
4,1,24,0.23185
4,1,25,0.2208
4,1,26,0.24751
4,1,27,0.22182
4,1,28,0.15313
4,1,29,0.15747
4,1,30,0.20819
4,1,31,0.20979
4,2,0,0.21469
4,2,1,0.04515
4,2,2,0.11527
4,2,3,0.1106
4,2,4,0.21773
4,2,5,0.20825
4,2,6,0.19483
4,2,7,0.08959
4,2,8,0.25222
4,2,9,0.17979
4,2,10,0.12653
4,2,11,0.22789
4,2,12,0.22642
4,2,13,0.21543
4,2,14,0.11177
4,2,15,0.14292
4,2,16,0.03377
4,2,17,0.20915
4,2,18,0.08465
4,2,19,0.18046
4,2,20,0.20936
4,2,21,0.18841
4,2,22,0.26108
4,2,23,0.08484
4,2,24,0.20133
4,2,25,0.2166
4,2,26,0.10428
4,2,27,0.20425
4,2,28,0.10517
4,3,0,0.11105
4,3,1,0.20687
4,3,2,0.20798
4,3,3,0.21565
4,3,4,0.21352
4,3,5,0.18492
4,3,6,0.20641
4,3,7,0.20954
4,3,8,0.22875
4,3,9,0.21731
4,3,10,0.19599
4,3,11,0.25012
4,3,12,0.21008
4,3,13,0.20024
4,3,14,0.19036
4,3,15,0.19405
4,3,16,0.1014
4,3,17,0.1408
4,3,18,0.2165
4,3,19,0.20115
4,3,20,0.20688
4,3,21,0.20997
4,3,22,0.21475
4,3,23,0.20267
4,3,24,0.13934
4,3,25,0.1999
4,3,26,0.21136
4,3,27,0.16268
4,3,28,0.25074
4,3,29,0.10067
4,3,30,0.19627
4,3,31,0.1253
4,4,0,0.11876
4,4,1,0.15265
4,4,2,0.19543
4,4,3,0.09409
4,4,4,0.10533
4,4,5,0.20947
4,4,6,0.21139
4,4,7,0.11919
4,4,8,0.23804
4,4,9,0.18659
4,4,10,0.07872
4,4,11,0.10445
4,4,12,0.06605
4,4,13,0.09021
4,4,14,0.22914
4,4,15,0.20939
4,4,16,0.20539
4,4,17,0.0335
4,4,18,0.22097
4,4,19,0.21371
4,4,20,0.21882
4,4,21,0.10972
4,4,22,0.21071
4,4,23,0.06121
4,4,24,0.21045
4,4,25,0.19741
4,4,26,0.22536
4,4,27,0.11159
4,4,28,0.10217
4,4,29,0.20152
4,4,30,0.21022
4,4,31,0.21225
4,4,32,0.04869
4,4,33,0.23683
4,4,34,0.09006
4,4,35,0.22886
4,4,36,0.0768
4,4,37,0.12515
4,4,38,0.09948
4,4,39,0.05359
4,4,40,0.20762
4,4,41,0.09403
4,4,42,0.10828
4,4,43,0.09951
4,4,44,0.22364
4,4,45,0.20048
4,4,46,0.17776
4,4,47,0.21048
4,4,48,0.18302
4,4,49,0.21344
4,4,50,0.20949
4,4,51,0.16102
4,4,52,0.25206
4,4,53,0.10717
4,4,54,0.23815
4,4,55,0.05282
4,4,56,0.19477
4,4,57,0.1908
4,4,58,0.20915
4,4,59,0.09031
4,4,60,0.12748
4,4,61,0.17864
4,4,62,0.14397
4,4,63,0.20074
4,4,64,0.1526
4,4,65,0.18779
4,4,66,0.17477
4,4,67,0.1593
4,4,68,0.11183
4,4,69,0.09289
4,4,70,0.22635
4,4,71,0.21137
4,4,72,0.13414
4,4,73,0.20149
4,4,74,0.18168
4,4,75,0.20482
4,4,76,0.10839
4,4,77,0.12416
4,4,78,0.13083
4,4,79,0.07679
4,4,80,0.1057
4,4,81,0.1137
4,4,82,0.06608
4,4,83,0.08751
4,4,84,0.10452
4,4,85,0.2171
4,4,86,0.222
4,4,87,0.19324
4,4,88,0.19604
4,4,89,0.11445
4,4,90,0.19767
4,4,91,0.10463
4,5,0,0.19169
4,5,1,0.20334
4,5,2,0.09204
4,5,3,0.15412
4,5,4,0.14258
4,5,5,0.17119
4,5,6,0.21256
4,5,7,0.19009
4,5,8,0.25451
4,5,9,0.15759
4,5,10,0.22774
4,5,11,0.21016
4,5,12,0.21833
4,5,13,0.11614
4,5,14,0.0451
4,5,15,0.19309
4,5,16,0.09895
4,5,17,0.08549
4,5,18,0.12554
4,5,19,0.23167
4,5,20,0.07169
4,5,21,0.10001
4,5,22,0.19286
4,5,23,0.20771
4,6,0,0.12691
4,6,1,0.19168
4,6,2,0.19888
4,6,3,0.11959
4,6,4,0.18855
4,6,5,0.08877
4,6,6,0.22345
4,6,7,0.21135
4,6,8,0.15773
4,6,9,0.2074
4,6,10,0.20432
4,6,11,0.25799
4,6,12,0.21059
4,6,13,0.20547
4,6,14,0.21415
4,6,15,0.20658
4,6,16,0.21503
4,6,17,0.16094
4,6,18,0.09064
4,6,19,0.12312
4,6,20,0.22971
4,6,21,0.20851
4,6,22,0.13161
4,6,23,0.21035
4,6,24,0.21193
4,7,0,0.16892
4,7,1,0.07723
4,7,2,0.22022
4,7,3,0.19976
4,7,4,0.21716
4,7,5,0.20641
4,7,6,0.21579
4,7,7,0.11475
4,7,8,0.08078
4,7,9,0.11585
4,7,10,0.23873
4,7,11,0.24115
4,7,12,0.18992
4,7,13,0.21822
4,7,14,0.10872
4,7,15,0.12146
4,7,16,0.22118
4,7,17,0.22569
4,7,18,0.21603
4,7,19,0.11945
4,7,20,0.21127
4,7,21,0.14932
4,7,22,0.19333
4,7,23,0.22303
4,7,24,0.11433
4,8,0,0.21007
4,8,1,0.24231
4,8,2,0.21978
4,8,3,0.13411
4,8,4,0.07994
4,8,5,0.07922
4,8,6,0.19268
4,8,7,0.18439
4,8,8,0.10412
4,8,9,0.19762
4,8,10,0.26691
4,8,11,0.22268
4,8,12,0.15486
4,8,13,0.24951
4,8,14,0.16889
4,8,15,0.26218
4,8,16,0.26934
4,8,17,0.11059
4,8,18,0.11565
4,8,19,0.16012
4,8,20,0.08839
4,8,21,0.15644
4,19,0,0.27237
4,19,1,0.14194
4,19,2,0.11139
4,19,3,0.0998
4,19,4,0.06443
4,19,5,0.0942
4,19,6,0.22203
4,19,7,0.24073
4,19,8,0.17421
4,19,9,0.09399
4,19,10,0.10393
4,19,11,0.09877
4,19,12,0.11241
4,19,13,0.09264
4,19,14,0.21451
4,19,15,0.21414
4,19,16,0.19088
4,19,17,0.18442
4,19,18,0.18713
4,19,19,0.20041
4,19,20,0.1507
4,19,21,0.13604
4,19,22,0.07761
4,19,23,0.0132
4,19,24,0.11176
4,19,25,0.08714
4,19,26,0.17065
4,21,0,0.08312
4,21,1,0.08926
4,21,2,0.10035
4,21,3,0.11906
4,21,4,0.21453
4,21,5,0.20375
4,21,6,0.10476
4,21,7,0.20944
4,21,8,0.23801
4,21,9,0.17237
4,21,10,0.13436
4,21,11,0.27365
4,21,12,0.10843
4,21,13,0.09194
4,21,14,0.1895
4,21,15,0.11802
4,21,16,0.26547
4,21,17,0.19874
4,21,18,0.24768
4,21,19,0.2045
4,21,20,0.15349
4,21,21,0.04596
4,21,22,0.22143
4,21,23,0.09813
4,21,24,0.21997
4,22,0,0.13195
4,22,1,0.20714
4,22,2,0.20936
4,22,3,0.13571
4,22,4,0.20283
4,22,5,0.2076
4,22,6,0.14889
4,22,7,0.225
4,22,8,0.21781
4,22,9,0.08334
4,22,10,0.16704
4,22,11,0.09847
4,22,12,0.10833
4,22,13,0.20581
4,22,14,0.22013
4,22,15,0.11695
4,22,16,0.20915
4,22,17,0.1147
4,22,18,0.20059
4,22,19,0.20924
4,22,20,0.1999
4,22,21,0.07917
4,22,22,0.22357
4,22,23,0.05707
4,22,24,0.1098
4,22,25,0.21588
4,22,26,0.2063
4,22,27,0.07862
4,22,28,0.14144
4,22,29,0.05554
4,26,0,0.17878
4,26,1,0.04093
4,26,2,0.11934
4,26,3,0.21721
4,26,4,0.11169
4,26,5,0.20906
4,26,6,0.20521
4,26,7,0.224
4,26,8,0.20594
4,26,9,0.19109
4,26,10,0.154
4,26,11,0.16906
4,26,12,0.22265
4,26,13,0.20168
4,26,14,0.21149
4,26,15,0.26356
4,26,16,0.10763
4,26,17,0.10458
4,26,18,0.22045
4,26,19,0.13026
4,26,20,0.08473
4,26,21,0.21887
4,26,22,0.21479
4,26,23,0.20464
4,27,0,0.22529
4,27,1,0.22223
4,27,2,0.08459
4,27,3,0.21935
4,27,4,0.09133
4,27,5,0.20745
4,27,6,0.22223
4,27,7,0.20839
4,27,8,0.14587
4,27,9,0.06665
4,27,10,0.08445
4,27,11,0.20676
4,27,12,0.20592
4,27,13,0.17866
4,27,14,0.20537
4,27,15,0.19564
4,27,16,0.19764
4,27,17,0.19636
4,27,18,0.10577
4,27,19,0.20853
4,27,20,0.21616
4,27,21,0.22523
4,27,22,0.24478
4,27,23,0.16294
4,28,0,0.2145
4,28,1,0.11328
4,28,2,0.21085
4,28,3,0.16692
4,28,4,0.08812
4,28,5,0.24345
4,28,6,0.15068
4,28,7,0.21617
4,28,8,0.21057
4,28,9,0.10231
4,28,10,0.08924
4,28,11,0.2118
4,28,12,0.19125
4,28,13,0.21159
4,28,14,0.21225
4,28,15,0.17251
4,28,16,0.21413
4,28,17,0.17428
4,28,18,0.21072
4,28,19,0.10456
4,28,20,0.22026
4,28,21,0.20257
4,28,22,0.09105
4,28,23,0.10748
4,29,0,0.21467
4,29,1,0.20057
4,29,2,0.18086
4,29,3,0.22864
4,29,4,0.10183
4,29,5,0.25907
4,29,6,0.08988
4,29,7,0.20868
4,29,8,0.21728
4,29,9,0.05253
4,29,10,0.18832
4,29,11,0.20319
4,29,12,0.22269
4,29,13,0.18731
4,29,14,0.20063
4,29,15,0.22332
4,29,16,0.08398
4,29,17,0.23862
4,29,18,0.21288
4,29,19,0.22459
4,29,20,0.10038
4,29,21,0.21026
4,29,22,0.22309
4,29,23,0.20761
4,35,0,0.22418
4,35,1,0.10071
4,35,2,0.26863
4,35,3,0.21358
4,35,4,0.18919
4,35,5,0.10894
4,35,6,0.24954
4,35,7,0.20933
4,35,8,0.11325
4,35,9,0.1372
4,35,10,0.21682
4,35,11,0.14676
4,35,12,0.17823
4,35,13,0.22067
4,35,14,0.21225
4,35,15,0.16485
4,35,16,0.11672
4,35,17,0.19053
4,35,18,0.10306
4,35,19,0.05188
4,35,20,0.08621
4,35,21,0.21701
4,35,22,0.21118
4,35,23,0.08738
4,36,0,0.09457
4,36,1,0.14262
4,36,2,0.09474
4,36,3,0.1315
4,36,4,0.20214
4,36,5,0.1993
4,36,6,0.20615
4,36,7,0.2087
4,36,8,0.15475
4,36,9,0.21288
4,36,10,0.21891
4,36,11,0.09999
4,36,12,0.24277
4,36,13,0.15136
4,36,14,0.24303
4,36,15,0.1928
4,36,16,0.07214
4,36,17,0.11671
4,36,18,0.09062
4,36,19,0.06885
4,36,20,0.1256
4,36,21,0.23411
4,36,22,0.13372
4,36,23,0.05909
4,37,0,0.14895
4,37,1,0.21087
4,37,2,0.31773
4,37,3,0.12836
4,37,4,0.0986
4,37,5,0.10144
4,37,6,0.07434
4,37,7,0.21657
4,37,8,0.22469
4,37,9,0.17346
4,37,10,0.15337
4,37,11,0.20933
4,37,12,0.20038
4,37,13,0.22111
4,37,14,0.20965
4,37,15,0.2192
4,37,16,0.21554
4,37,17,0.21657
4,37,18,0.25114
4,37,19,0.20546
4,37,20,0.21747
4,37,21,0.20278
4,37,22,0.21523
4,37,23,0.20843
4,37,24,0.21734
4,37,25,0.21089
4,37,26,0.21062
4,37,27,0.24045
4,37,28,0.20636
4,37,29,0.21048
4,37,30,0.21965
4,37,31,0.19723
4,38,0,0.25889
4,38,1,0.08685
4,38,2,0.12648
4,38,3,0.21572
4,38,4,0.23431
4,38,5,0.17537
4,38,6,0.1314
4,38,7,0.21821
4,38,8,0.17841
4,38,9,0.20398
4,38,10,0.2351
4,38,11,0.10026
4,38,12,0.15014
4,38,13,0.21287
4,38,14,0.25601
4,38,15,0.11894
4,38,16,0.13976
4,38,17,0.09358
4,38,18,0.22922
4,38,19,0.24371
4,38,20,0.08943
4,38,21,0.10034
4,39,0,0.12067
4,39,1,0.20729
4,39,2,0.12278
4,39,3,0.22112
4,39,4,0.20741
4,39,5,0.21552
4,39,6,0.22164
4,39,7,0.22975
4,39,8,0.16345
4,39,9,0.1752
4,39,10,0.09728
4,39,11,0.21899
4,39,12,0.21216
4,39,13,0.23457
4,39,14,0.20536
4,39,15,0.10672
4,39,16,0.21508
4,39,17,0.24945
4,39,18,0.05359
4,39,19,0.09257
4,39,20,0.23467
4,39,21,0.2382
4,39,22,0.21761
4,40,0,0.20208
4,40,1,0.24964
4,40,2,0.20983
4,40,3,0.20707
4,40,4,0.20356
4,40,5,0.21776
4,40,6,0.2137
4,40,7,0.21026
4,40,8,0.16586
4,40,9,0.19582
4,40,10,0.18068
4,40,11,0.2241
4,40,12,0.20725
4,40,13,0.09557
4,40,14,0.2195
4,40,15,0.20334
4,40,16,0.22067
4,40,17,0.22146
4,40,18,0.21134
4,40,19,0.19626
4,40,20,0.2096
4,40,21,0.22161
4,40,22,0.20476
4,40,23,0.20591
4,41,0,0.27753
4,41,1,0.24446
4,41,2,0.21012
4,41,3,0.27993
4,41,4,0.12721
4,41,5,0.22495
4,41,6,0.20923
4,41,7,0.09153
4,41,8,0.21157
4,41,9,0.11646
4,41,10,0.11131
4,41,11,0.20884
4,41,12,0.19769
4,41,13,0.22145
4,41,14,0.22218
4,41,15,0.20943
4,41,16,0.22049
4,41,17,0.17785
4,41,18,0.08781
4,41,19,0.07418
4,41,20,0.14497
4,41,21,0.2801
4,41,22,0.15197
4,41,23,0.10012
4,42,0,0.20929
4,42,1,0.22138
4,42,2,0.19244
4,42,3,0.19698
4,42,4,0.11844
4,42,5,0.21711
4,42,6,0.11821
4,42,7,0.14767
4,42,8,0.20294
4,42,9,0.20963
4,42,10,0.09692
4,42,11,0.22497
4,42,12,0.19619
4,42,13,0.16401
4,42,14,0.15259
4,42,15,0.22404
4,42,16,0.23652
4,42,17,0.10952
4,42,18,0.23898
4,42,19,0.11859
4,42,20,0.14023
4,42,21,0.1578
4,42,22,0.2246
4,42,23,0.20139
4,43,0,0.20727
4,43,1,0.07324
4,43,2,0.13115
4,43,3,0.11813
4,43,4,0.10801
4,43,5,0.15757
4,43,6,0.16886
4,43,7,0.14285
4,43,8,0.20146
4,43,9,0.2105
4,43,10,0.19608
4,43,11,0.09353
4,43,12,0.11974
4,43,13,0.22784
4,43,14,0.19541
4,43,15,0.22212
4,43,16,0.12259
4,43,17,0.10082
4,43,18,0.1176
4,43,19,0.1069
4,43,20,0.14722
4,43,21,0.21033
4,43,22,0.23292
4,43,23,0.13584
4,44,0,0.1147
4,44,1,0.13274
4,44,2,0.21071
4,44,3,0.19873
4,44,4,0.23134
4,44,5,0.26894
4,44,6,0.08622
4,44,7,0.17958
4,44,8,0.21307
4,44,9,0.09349
4,44,10,0.14826
4,44,11,0.09911
4,44,12,0.24717
4,44,13,0.18762
4,44,14,0.0592
4,44,15,0.10155
4,44,16,0.19329
4,44,17,0.06977
4,44,18,0.16318
4,44,19,0.1989
4,44,20,0.16202
4,44,21,0.18413
4,44,22,0.12777
4,44,23,0.204
4,45,0,0.20922
4,45,1,0.19435
4,45,2,0.14236
4,45,3,0.21537
4,45,4,0.21095
4,45,5,0.21331
4,45,6,0.20728
4,45,7,0.21019
4,45,8,0.19939
4,45,9,0.20646
4,45,10,0.20948
4,45,11,0.10911
4,45,12,0.20264
4,45,13,0.206
4,45,14,0.21747
4,45,15,0.21934
4,45,16,0.19684
4,45,17,0.2165
4,45,18,0.21791
4,45,19,0.19392
4,45,20,0.12895
4,45,21,0.22682
4,45,22,0.21506
4,45,23,0.05263
4,46,0,0.1453
4,46,1,0.18641
4,46,2,0.13886
4,46,3,0.21222
4,46,4,0.21813
4,46,5,0.20526
4,46,6,0.20714
4,46,7,0.19359
4,46,8,0.19986
4,46,9,0.21501
4,46,10,0.10476
4,46,11,0.19954
4,46,12,0.21057
4,46,13,0.14089
4,46,14,0.15017
4,46,15,0.14371
4,46,16,0.23915
4,46,17,0.14249
4,46,18,0.1028
4,46,19,0.23355
4,46,20,0.14045
4,46,21,0.20391
4,46,22,0.10623
4,46,23,0.21445
4,48,0,0.19154
4,48,1,0.19095
4,48,2,0.23599
4,48,3,0.19663
4,48,4,0.23544
4,48,5,0.21022
4,48,6,0.21296
4,48,7,0.17642
4,48,8,0.24073
4,48,9,0.19448
4,48,10,0.19969
4,48,11,0.20863
4,48,12,0.08998
4,48,13,0.20687
4,48,14,0.20291
4,48,15,0.204
4,48,16,0.274
4,48,17,0.22146
4,48,18,0.20358
4,48,19,0.21666
4,48,20,0.21676
4,48,21,0.21255
4,48,22,0.19433
4,48,23,0.19847
4,49,0,0.21094
4,49,1,0.20536
4,49,2,0.27973
4,49,3,0.19562
4,49,4,0.2036
4,49,5,0.19579
4,49,6,0.22414
4,49,7,0.11122
4,49,8,0.21078
4,49,9,0.23625
4,49,10,0.22863
4,49,11,0.21129
4,49,12,0.19112
4,49,13,0.20083
4,49,14,0.0891
4,49,15,0.20738
4,49,16,0.19582
4,49,17,0.19121
4,49,18,0.18574
4,49,19,0.2966
4,49,20,0.15688
4,49,21,0.19642
4,49,22,0.2083
4,49,23,0.23565
5,1,0,0.46096
5,1,1,0.42039
5,1,2,0.4551
5,1,3,0.38097
5,1,4,0.4485
5,1,5,0.44976
5,1,6,0.45335
5,1,7,0.39335
5,1,8,0.43752
5,1,9,0.42447
5,1,10,0.4648
5,1,11,0.44598
5,1,12,0.36421
5,1,13,0.45323
5,1,14,0.45249
5,1,15,0.50693
5,1,16,0.37754
5,1,17,0.44925
5,1,18,0.327
5,1,19,0.41977
5,1,20,0.42088
5,1,21,0.46864
5,1,22,0.41215
5,1,23,0.45195
5,1,24,0.45312
5,1,25,0.42677
5,1,26,0.36444
5,1,27,0.42598
5,1,28,0.44994
5,1,29,0.53121
5,1,30,0.36528
5,1,31,0.49461
5,2,0,0.48475
5,2,1,0.40896
5,2,2,0.41211
5,2,3,0.46674
5,2,4,0.42897
5,2,5,0.42973
5,2,6,0.41434
5,2,7,0.75045
5,2,8,0.38297
5,2,9,0.44646
5,2,10,0.36584
5,2,11,0.40343
5,2,12,0.38125
5,2,13,0.35185
5,2,14,0.44235
5,2,15,0.43362
5,2,16,0.49015
5,2,17,0.42301
5,2,18,0.37757
5,2,19,0.37264
5,2,20,0.4422
5,2,21,0.42306
5,2,22,0.40974
5,2,23,0.43947
5,2,24,0.39723
5,2,25,0.40871
5,2,26,0.43715
5,2,27,0.44185
5,2,28,0.42962
5,3,0,0.43776
5,3,1,0.43662
5,3,2,0.39805
5,3,3,0.42545
5,3,4,0.53843
5,3,5,0.4553
5,3,6,0.39401
5,3,7,0.41924
5,3,8,0.4296
5,3,9,0.43806
5,3,10,0.40182
5,3,11,0.4131
5,3,12,0.43495
5,3,13,0.42971
5,3,14,0.39588
5,3,15,0.43549
5,3,16,0.43234
5,3,17,0.46034
5,3,18,0.44239
5,3,19,0.35643
5,3,20,0.40889
5,3,21,0.42766
5,3,22,0.43822
5,3,23,0.45166
5,3,24,0.42774
5,3,25,0.41813
5,3,26,0.41176
5,3,27,0.42602
5,3,28,0.41525
5,3,29,0.43149
5,3,30,0.43493
5,3,31,0.43656
5,4,0,0.45942
5,4,1,0.45653
5,4,2,0.41456
5,4,3,0.451
5,4,4,0.43581
5,4,5,0.46547
5,4,6,0.43602
5,4,7,0.43349
5,4,8,0.45126
5,4,9,0.39559
5,4,10,0.38521
5,4,11,0.41819
5,4,12,0.42996
5,4,13,0.43143
5,4,14,0.44327
5,4,15,0.43748
5,4,16,0.48733
5,4,17,0.38217
5,4,18,0.43953
5,4,19,0.42908
5,4,20,0.45459
5,4,21,0.42859
5,4,22,0.42594
5,4,23,0.39668
5,4,24,0.43216
5,4,25,0.42766
5,4,26,0.45221
5,4,27,0.46581
5,4,28,0.43496
5,4,29,0.39441
5,4,30,0.48827
5,4,31,0.45311
5,4,32,0.4388
5,4,33,0.40894
5,4,34,0.41592
5,4,35,0.41626
5,4,36,0.43222
5,4,37,0.43133
5,4,38,0.43317
5,4,39,0.42532
5,4,40,0.41865
5,4,41,0.42143
5,4,42,0.46124
5,4,43,0.4266
5,4,44,0.46034
5,4,45,0.35436
5,4,46,0.45976
5,4,47,0.43244
5,4,48,0.45306
5,4,49,0.43204
5,4,50,0.42726
5,4,51,0.41786
5,4,52,0.44674
5,4,53,0.46558
5,4,54,0.43459
5,4,55,0.42844
5,4,56,0.41409
5,4,57,0.47136
5,4,58,0.42426
5,4,59,0.45258
5,4,60,0.45263
5,4,61,0.42323
5,4,62,0.41175
5,4,63,0.418
5,4,64,0.47137
5,4,65,0.43319
5,4,66,0.4811
5,4,67,0.41954
5,4,68,0.46152
5,4,69,0.42298
5,4,70,0.45278
5,4,71,0.43389
5,4,72,0.45129
5,4,73,0.42222
5,4,74,0.43471
5,4,75,0.42008
5,4,76,0.40082
5,4,77,0.436
5,4,78,0.39541
5,4,79,0.45039
5,4,80,0.41467
5,4,81,0.42632
5,4,82,0.4422
5,4,83,0.43259
5,4,84,0.38625
5,4,85,0.43568
5,4,86,0.4319
5,4,87,0.38277
5,4,88,0.44494
5,4,89,0.42997
5,4,90,0.43488
5,4,91,0.45985
5,5,0,0.48115
5,5,1,0.5063
5,5,2,0.42252
5,5,3,0.32549
5,5,4,0.487
5,5,5,0.42282
5,5,6,0.49021
5,5,7,0.43694
5,5,8,0.44534
5,5,9,0.45404
5,5,10,0.43507
5,5,11,0.41373
5,5,12,0.39348
5,5,13,0.43445
5,5,14,0.3842
5,5,15,0.42735
5,5,16,0.42689
5,5,17,0.44683
5,5,18,0.46589
5,5,19,0.4278
5,5,20,0.4409
5,5,21,0.46192
5,5,22,0.43519
5,5,23,0.41574
5,6,0,0.43036
5,6,1,0.46231
5,6,2,0.43193
5,6,3,0.42784
5,6,4,0.43728
5,6,5,0.42636
5,6,6,0.40522
5,6,7,0.41656
5,6,8,0.43439
5,6,9,0.46515
5,6,10,0.39779
5,6,11,0.37633
5,6,12,0.42277
5,6,13,0.45146
5,6,14,0.41379
5,6,15,0.4276
5,6,16,0.42551
5,6,17,0.42504
5,6,18,0.42594
5,6,19,0.43868
5,6,20,0.42219
5,6,21,0.44535
5,6,22,0.41113
5,6,23,0.39332
5,6,24,0.44378
5,7,0,0.42204
5,7,1,0.43773
5,7,2,0.41941
5,7,3,0.43416
5,7,4,0.35189
5,7,5,0.36522
5,7,6,0.42482
5,7,7,0.41593
5,7,8,0.43946
5,7,9,0.40835
5,7,10,0.4202
5,7,11,0.4013
5,7,12,0.34694
5,7,13,0.40519
5,7,14,0.41004
5,7,15,0.4275
5,7,16,0.38996
5,7,17,0.51407
5,7,18,0.43692
5,7,19,0.50292
5,7,20,0.43236
5,7,21,0.3387
5,7,22,0.3846
5,7,23,0.41229
5,7,24,0.44982
5,8,0,0.47263
5,8,1,0.53193
5,8,2,0.67598
5,8,3,0.75671
5,8,4,0.438
5,8,5,0.44754
5,8,6,0.65583
5,8,7,0.45067
5,8,8,0.43942
5,8,9,0.50017
5,8,10,0.44544
5,8,11,0.49454
5,8,12,0.43059
5,8,13,0.42158
5,8,14,0.42443
5,8,15,0.41767
5,8,16,0.52651
5,8,17,0.35544
5,8,18,0.41966
5,8,19,0.552
5,8,20,0.35788
5,8,21,0.46428
5,19,0,0.53605
5,19,1,0.42244
5,19,2,0.46976
5,19,3,0.40056
5,19,4,0.47018
5,19,5,0.52288
5,19,6,0.42101
5,19,7,0.364
5,19,8,0.42203
5,19,9,0.35834
5,19,10,0.39885
5,19,11,0.55805
5,19,12,0.53235
5,19,13,0.41548
5,19,14,0.374
5,19,15,0.44862
5,19,16,0.45912
5,19,17,0.41864
5,19,18,0.36587
5,19,19,0.43422
5,19,20,0.28876
5,19,21,0.48762
5,19,22,0.33515
5,19,23,0.42873
5,19,24,0.42655
5,19,25,0.41838
5,19,26,0.41654
5,21,0,0.37555
5,21,1,0.40933
5,21,2,0.14667
5,21,3,0.38989
5,21,4,0.43771
5,21,5,0.48437
5,21,6,0.43065
5,21,7,0.30011
5,21,8,0.41703
5,21,9,0.29115
5,21,10,0.42469
5,21,11,0.4458
5,21,12,0.40717
5,21,13,0.28904
5,21,14,0.38578
5,21,15,0.44856
5,21,16,0.29918
5,21,17,0.42904
5,21,18,0.46776
5,21,19,0.40949
5,21,20,0.41199
5,21,21,0.23171
5,21,22,0.43838
5,21,23,0.43597
5,21,24,0.44943
5,22,0,0.5877
5,22,1,0.42428
5,22,2,0.42433
5,22,3,0.19979
5,22,4,0.43398
5,22,5,0.50482
5,22,6,0.58775
5,22,7,0.46954
5,22,8,0.36527
5,22,9,0.52106
5,22,10,0.46383
5,22,11,0.56114
5,22,12,0.4226
5,22,13,0.44197
5,22,14,0.43143
5,22,15,0.43356
5,22,16,0.40439
5,22,17,0.43394
5,22,18,0.2973
5,22,19,0.43899
5,22,20,0.37563
5,22,21,0.36742
5,22,22,0.42896
5,22,23,0.36625
5,22,24,0.4239
5,22,25,0.43398
5,22,26,0.41439
5,22,27,0.52559
5,22,28,0.42071
5,22,29,0.39283
5,26,0,0.41061
5,26,1,0.46807
5,26,2,0.41379
5,26,3,0.43267
5,26,4,0.36935
5,26,5,0.43397
5,26,6,0.47135
5,26,7,0.45056
5,26,8,0.4127
5,26,9,0.4205
5,26,10,0.44514
5,26,11,0.43945
5,26,12,0.43445
5,26,13,0.43607
5,26,14,0.40627
5,26,15,0.44217
5,26,16,0.42556
5,26,17,0.44785
5,26,18,0.40883
5,26,19,0.43681
5,26,20,0.44185
5,26,21,0.41942
5,26,22,0.42918
5,26,23,0.42963
5,27,0,0.40191
5,27,1,0.50836
5,27,2,0.45102
5,27,3,0.41364
5,27,4,0.41967
5,27,5,0.42281
5,27,6,0.43026
5,27,7,0.47053
5,27,8,0.40396
5,27,9,0.41171
5,27,10,0.42223
5,27,11,0.43757
5,27,12,0.44417
5,27,13,0.46452
5,27,14,0.55276
5,27,15,0.44918
5,27,16,0.423
5,27,17,0.42721
5,27,18,0.35239
5,27,19,0.41329
5,27,20,0.42479
5,27,21,0.38463
5,27,22,0.43645
5,27,23,0.43907
5,28,0,0.40987
5,28,1,0.49915
5,28,2,0.42918
5,28,3,0.44308
5,28,4,0.41577
5,28,5,0.42707
5,28,6,0.4381
5,28,7,0.43245
5,28,8,0.4333
5,28,9,0.3817
5,28,10,0.37268
5,28,11,0.49491
5,28,12,0.41736
5,28,13,0.44453
5,28,14,0.36601
5,28,15,0.43119
5,28,16,0.40769
5,28,17,0.41661
5,28,18,0.40002
5,28,19,0.35922
5,28,20,0.42347
5,28,21,0.42612
5,28,22,0.46252
5,28,23,0.45403
5,29,0,0.35897
5,29,1,0.41676
5,29,2,0.40393
5,29,3,0.36355
5,29,4,0.45128
5,29,5,0.49317
5,29,6,0.38242
5,29,7,0.43916
5,29,8,0.43296
5,29,9,0.41822
5,29,10,0.44987
5,29,11,0.35371
5,29,12,0.41131
5,29,13,0.41652
5,29,14,0.41698
5,29,15,0.38299
5,29,16,0.43127
5,29,17,0.41622
5,29,18,0.40858
5,29,19,0.41883
5,29,20,0.47901
5,29,21,0.42196
5,29,22,0.39632
5,29,23,0.38992
5,35,0,0.44504
5,35,1,0.44919
5,35,2,0.43213
5,35,3,0.44172
5,35,4,0.45726
5,35,5,0.42354
5,35,6,0.45373
5,35,7,0.43141
5,35,8,0.43145
5,35,9,0.43854
5,35,10,0.43499
5,35,11,0.40841
5,35,12,0.40344
5,35,13,0.43715
5,35,14,0.47126
5,35,15,0.38435
5,35,16,0.45642
5,35,17,0.4205
5,35,18,0.46422
5,35,19,0.45554
5,35,20,0.45748
5,35,21,0.43284
5,35,22,0.32811
5,35,23,0.47039
5,36,0,0.55005
5,36,1,0.40968
5,36,2,0.4363
5,36,3,0.60469
5,36,4,0.76044
5,36,5,0.39597
5,36,6,0.41244
5,36,7,0.39817
5,36,8,0.31517
5,36,9,0.48431
5,36,10,0.42541
5,36,11,0.57588
5,36,12,0.37212
5,36,13,0.30967
5,36,14,0.49828
5,36,15,0.37555
5,36,16,0.35125
5,36,17,0.39493
5,36,18,0.45681
5,36,19,0.43932
5,36,20,0.2472
5,36,21,0.48463
5,36,22,0.35399
5,36,23,0.39542
5,37,0,0.39678
5,37,1,0.41823
5,37,2,0.49577
5,37,3,0.41038
5,37,4,0.41705
5,37,5,0.21759
5,37,6,0.41426
5,37,7,0.39614
5,37,8,0.50461
5,37,9,0.40085
5,37,10,0.41453
5,37,11,0.41139
5,37,12,0.40846
5,37,13,0.39318
5,37,14,0.43134
5,37,15,0.40626
5,37,16,0.43591
5,37,17,0.5282
5,37,18,0.42739
5,37,19,0.37178
5,37,20,0.45151
5,37,21,0.37788
5,37,22,0.42341
5,37,23,0.40195
5,37,24,0.36386
5,37,25,0.40625
5,37,26,0.38386
5,37,27,0.44743
5,37,28,0.38467
5,37,29,0.41713
5,37,30,0.49381
5,37,31,0.37088
5,38,0,0.35264
5,38,1,0.4122
5,38,2,0.52714
5,38,3,0.3556
5,38,4,0.4058
5,38,5,0.37116
5,38,6,0.51576
5,38,7,0.47789
5,38,8,0.31584
5,38,9,0.46006
5,38,10,0.41161
5,38,11,0.69363
5,38,12,0.43306
5,38,13,0.36572
5,38,14,0.70192
5,38,15,0.43203
5,38,16,0.46451
5,38,17,0.49355
5,38,18,0.39662
5,38,19,0.44045
5,38,20,0.3544
5,38,21,0.4044
5,39,0,0.34889
5,39,1,0.46806
5,39,2,0.45446
5,39,3,0.45854
5,39,4,0.42751
5,39,5,0.42786
5,39,6,0.29715
5,39,7,0.44729
5,39,8,0.41158
5,39,9,0.47878
5,39,10,0.4446
5,39,11,0.40418
5,39,12,0.39775
5,39,13,0.52502
5,39,14,0.41843
5,39,15,0.42607
5,39,16,0.42528
5,39,17,0.41848
5,39,18,0.38605
5,39,19,0.44924
5,39,20,0.4333
5,39,21,0.41235
5,39,22,0.43221
5,40,0,0.44338
5,40,1,0.42601
5,40,2,0.41522
5,40,3,0.40542
5,40,4,0.42921
5,40,5,0.42815
5,40,6,0.43786
5,40,7,0.43886
5,40,8,0.41568
5,40,9,0.42889
5,40,10,0.42672
5,40,11,0.4757
5,40,12,0.42147
5,40,13,0.41745
5,40,14,0.38797
5,40,15,0.43474
5,40,16,0.39068
5,40,17,0.44008
5,40,18,0.4314
5,40,19,0.37902
5,40,20,0.42088
5,40,21,0.39181
5,40,22,0.42932
5,40,23,0.41789
5,41,0,0.39087
5,41,1,0.39733
5,41,2,0.46057
5,41,3,0.37671
5,41,4,0.42955
5,41,5,0.41521
5,41,6,0.42902
5,41,7,0.40187
5,41,8,0.35226
5,41,9,0.4207
5,41,10,0.44124
5,41,11,0.4147
5,41,12,0.4228
5,41,13,0.4187
5,41,14,0.42291
5,41,15,0.41164
5,41,16,0.42793
5,41,17,0.434
5,41,18,0.29691
5,41,19,0.44166
5,41,20,0.45139
5,41,21,0.39944
5,41,22,0.53047
5,41,23,0.53531
5,42,0,0.44711
5,42,1,0.43415
5,42,2,0.43074
5,42,3,0.42765
5,42,4,0.43041
5,42,5,0.42157
5,42,6,0.41675
5,42,7,0.44205
5,42,8,0.47241
5,42,9,0.42612
5,42,10,0.49565
5,42,11,0.44814
5,42,12,0.4534
5,42,13,0.43794
5,42,14,0.42414
5,42,15,0.35508
5,42,16,0.42312
5,42,17,0.3962
5,42,18,0.42448
5,42,19,0.44087
5,42,20,0.34788
5,42,21,0.35614
5,42,22,0.39259
5,42,23,0.39922
5,43,0,0.40154
5,43,1,0.43434
5,43,2,0.45085
5,43,3,0.42095
5,43,4,0.45257
5,43,5,0.44995
5,43,6,0.40783
5,43,7,0.42863
5,43,8,0.43935
5,43,9,0.42959
5,43,10,0.42407
5,43,11,0.43168
5,43,12,0.44522
5,43,13,0.44412
5,43,14,0.43576
5,43,15,0.44236
5,43,16,0.4392
5,43,17,0.37579
5,43,18,0.42843
5,43,19,0.42653
5,43,20,0.43136
5,43,21,0.38886
5,43,22,0.43592
5,43,23,0.42908
5,44,0,0.39799
5,44,1,0.43832
5,44,2,0.45074
5,44,3,0.452
5,44,4,0.42584
5,44,5,0.49141
5,44,6,0.40126
5,44,7,0.43606
5,44,8,0.40205
5,44,9,0.40447
5,44,10,0.42925
5,44,11,0.44629
5,44,12,0.45009
5,44,13,0.38853
5,44,14,0.43379
5,44,15,0.44262
5,44,16,0.47981
5,44,17,0.44436
5,44,18,0.47127
5,44,19,0.43912
5,44,20,0.49695
5,44,21,0.49406
5,44,22,0.39213
5,44,23,0.41846
5,45,0,0.27829
5,45,1,0.46268
5,45,2,0.46671
5,45,3,0.43273
5,45,4,0.44084
5,45,5,0.42447
5,45,6,0.4588
5,45,7,0.42805
5,45,8,0.41142
5,45,9,0.42081
5,45,10,0.45155
5,45,11,0.4104
5,45,12,0.4053
5,45,13,0.30986
5,45,14,0.40687
5,45,15,0.42196
5,45,16,0.41958
5,45,17,0.48582
5,45,18,0.41458
5,45,19,0.44298
5,45,20,0.35882
5,45,21,0.42898
5,45,22,0.42681
5,45,23,0.41614
5,46,0,0.34141
5,46,1,0.36605
5,46,2,0.4376
5,46,3,0.38829
5,46,4,0.44089
5,46,5,0.42976
5,46,6,0.46231
5,46,7,0.39313
5,46,8,0.42719
5,46,9,0.42519
5,46,10,0.40985
5,46,11,0.49825
5,46,12,0.42778
5,46,13,0.40245
5,46,14,0.46859
5,46,15,0.43171
5,46,16,0.42675
5,46,17,0.42414
5,46,18,0.40156
5,46,19,0.42769
5,46,20,0.41783
5,46,21,0.4403
5,46,22,0.43931
5,46,23,0.46254
5,48,0,0.30191
5,48,1,0.30143
5,48,2,1.8635666475198042e+23
5,48,3,0.32739
5,48,4,0.29031
5,48,5,0.34011
5,48,6,0.33589
5,48,7,0.32784
5,48,8,0.33908
5,48,9,0.3321
5,48,10,0.3078
5,48,11,0.3276
5,48,12,0.33938
5,48,13,0.33809
5,48,14,0.32831
5,48,15,0.34802
5,48,16,0.33793
5,48,17,0.3273
5,48,18,0.3325
5,48,19,0.2998
5,48,20,0.34006
5,48,21,0.3461
5,48,22,0.3697
5,48,23,0.32224
5,49,0,0.32411
5,49,1,0.3286
5,49,2,7.361700107741402e+24
5,49,3,0.34307
5,49,4,0.34757
5,49,5,0.34004
5,49,6,0.32503
5,49,7,0.33579
5,49,8,0.36823
5,49,9,0.3592
5,49,10,0.30883
5,49,11,0.32848
5,49,12,0.33215
5,49,13,0.31949
5,49,14,0.33458
5,49,15,0.32287
5,49,16,0.32485
5,49,17,0.33684
5,49,18,0.30422
5,49,19,0.53595
5,49,20,0.3458
5,49,21,0.34271
5,49,22,0.34718
5,49,23,0.32827
6,1,0,0.76611
6,1,1,0.91437
6,1,2,0.71677
6,1,3,0.90147
6,1,4,0.79709
6,1,5,0.85665
6,1,6,0.78667
6,1,7,0.84935
6,1,8,0.54707
6,1,9,0.83194
6,1,10,0.839
6,1,11,0.90094
6,1,12,0.72089
6,1,13,0.63417
6,1,14,0.82609
6,1,15,0.7408
6,1,16,0.71398
6,1,17,0.65915
6,1,18,0.71853
6,1,19,0.81732
6,1,20,0.87923
6,1,21,0.7764
6,1,22,0.88036
6,1,23,0.80607
6,1,24,0.79854
6,1,25,0.86712
6,1,26,0.3832
6,1,27,0.65025
6,1,28,0.84346
6,1,29,0.7128
6,1,30,0.79918
6,1,31,0.82605
6,2,0,0.65282
6,2,1,0.64127
6,2,2,0.91224
6,2,3,0.84526
6,2,4,0.82618
6,2,5,0.71877
6,2,6,0.545
6,2,7,0.23492
6,2,8,0.8553
6,2,9,0.7715
6,2,10,0.8244
6,2,11,0.40405
6,2,12,0.56844
6,2,13,0.4063
6,2,14,0.83767
6,2,15,0.67017
6,2,16,0.77508
6,2,17,0.63058
6,2,18,0.81301
6,2,19,0.62197
6,2,20,0.82674
6,2,21,0.80734
6,2,22,0.40358
6,2,23,0.85456
6,2,24,0.75298
6,2,25,0.75944
6,2,26,0.58246
6,2,27,0.68471
6,2,28,0.81744
6,3,0,0.829
6,3,1,0.84227
6,3,2,0.87282
6,3,3,0.72341
6,3,4,0.79361
6,3,5,0.72193
6,3,6,0.63061
6,3,7,0.66165
6,3,8,0.84113
6,3,9,0.82592
6,3,10,0.64757
6,3,11,0.84794
6,3,12,0.83039
6,3,13,0.8275
6,3,14,0.83982
6,3,15,0.77947
6,3,16,0.66575
6,3,17,0.84963
6,3,18,0.68054
6,3,19,0.83311
6,3,20,0.73406
6,3,21,0.82114
6,3,22,0.83465
6,3,23,0.87435
6,3,24,0.64334
6,3,25,0.84598
6,3,26,0.75503
6,3,27,0.6349
6,3,28,0.93853
6,3,29,0.77939
6,3,30,0.83845
6,3,31,0.77671
6,4,0,0.81956
6,4,1,0.83508
6,4,2,0.78759
6,4,3,0.84337
6,4,4,0.84401
6,4,5,0.78893
6,4,6,0.72184
6,4,7,0.85008
6,4,8,0.83657
6,4,9,0.8088
6,4,10,0.70719
6,4,11,0.84574
6,4,12,0.7365
6,4,13,0.80395
6,4,14,0.84549
6,4,15,0.84913
6,4,16,0.80303
6,4,17,0.8171
6,4,18,0.84758
6,4,19,0.72936
6,4,20,0.62292
6,4,21,0.42142
6,4,22,0.83271
6,4,23,0.80542
6,4,24,0.8052
6,4,25,0.87034
6,4,26,0.69995
6,4,27,0.76388
6,4,28,0.81038
6,4,29,0.86578
6,4,30,0.66615
6,4,31,0.67164
6,4,32,0.6871
6,4,33,0.62397
6,4,34,0.84394
6,4,35,0.65078
6,4,36,0.88089
6,4,37,0.83452
6,4,38,0.29963
6,4,39,0.80384
6,4,40,0.63349
6,4,41,0.69213
6,4,42,0.71651
6,4,43,0.80776
6,4,44,0.77335
6,4,45,0.81523
6,4,46,0.87052
6,4,47,0.82621
6,4,48,0.68376
6,4,49,0.80156
6,4,50,0.83715
6,4,51,0.79547
6,4,52,0.86852
6,4,53,0.87607
6,4,54,0.80692
6,4,55,0.5798
6,4,56,0.80494
6,4,57,0.8013
6,4,58,0.88312
6,4,59,0.81937
6,4,60,0.79131
6,4,61,0.43264
6,4,62,0.81675
6,4,63,0.83363
6,4,64,0.80968
6,4,65,0.82542
6,4,66,0.55878
6,4,67,0.82181
6,4,68,0.85127
6,4,69,0.83927
6,4,70,0.79093
6,4,71,0.82726
6,4,72,0.82416
6,4,73,0.83314
6,4,74,0.80896
6,4,75,0.83658
6,4,76,0.83232
6,4,77,0.8409
6,4,78,0.79757
6,4,79,0.31723
6,4,80,0.76174
6,4,81,0.79384
6,4,82,0.83907
6,4,83,0.87301
6,4,84,0.75903
6,4,85,0.7921
6,4,86,0.82224
6,4,87,0.79089
6,4,88,0.77531
6,4,89,0.82371
6,4,90,0.82254
6,4,91,0.32227
6,5,0,0.43884
6,5,1,0.78973
6,5,2,0.83164
6,5,3,0.82726
6,5,4,0.87287
6,5,5,0.84881
6,5,6,0.7178
6,5,7,0.82576
6,5,8,0.83144
6,5,9,0.81425
6,5,10,0.83103
6,5,11,0.8527
6,5,12,0.5043
6,5,13,0.83948
6,5,14,0.65547
6,5,15,0.83399
6,5,16,0.81823
6,5,17,0.61068
6,5,18,0.83216
6,5,19,0.59007
6,5,20,0.4127
6,5,21,0.58145
6,5,22,0.66889
6,5,23,0.6022
6,6,0,0.81261
6,6,1,0.75657
6,6,2,0.60242
6,6,3,0.78719
6,6,4,0.79969
6,6,5,0.73625
6,6,6,0.83887
6,6,7,0.83471
6,6,8,0.78388
6,6,9,0.33764
6,6,10,0.79133
6,6,11,0.82697
6,6,12,0.81342
6,6,13,0.7651
6,6,14,0.8193
6,6,15,0.81307
6,6,16,0.80603
6,6,17,0.8196
6,6,18,0.83107
6,6,19,0.58594
6,6,20,0.78846
6,6,21,0.78216
6,6,22,0.82591
6,6,23,0.80764
6,6,24,0.80417
6,7,0,0.85456
6,7,1,0.80934
6,7,2,0.84527
6,7,3,0.56946
6,7,4,0.86011
6,7,5,0.82551
6,7,6,0.81882
6,7,7,0.61711
6,7,8,0.75044
6,7,9,0.82801
6,7,10,0.82471
6,7,11,0.68071
6,7,12,0.86795
6,7,13,0.60364
6,7,14,0.75292
6,7,15,0.64129
6,7,16,0.79833
6,7,17,0.70082
6,7,18,0.77412
6,7,19,0.81038
6,7,20,0.25463
6,7,21,0.64691
6,7,22,0.68963
6,7,23,0.77081
6,7,24,0.79754
6,8,0,0.54084
6,8,1,0.48013
6,8,2,0.60557
6,8,3,0.46811
6,8,4,0.83192
6,8,5,0.58298
6,8,6,0.62694
6,8,7,0.32886
6,8,8,0.73473
6,8,9,0.47835
6,8,10,0.68139
6,8,11,0.55525
6,8,12,0.68416
6,8,13,0.78894
6,8,14,0.72404
6,8,15,0.76269
6,8,16,0.67701
6,8,17,0.80989
6,8,18,0.78312
6,8,19,0.55073
6,8,20,0.83064
6,8,21,0.71396
6,19,0,0.71557
6,19,1,0.77471
6,19,2,0.85885
6,19,3,0.81052
6,19,4,0.91592
6,19,5,0.586
6,19,6,0.81954
6,19,7,0.82766
6,19,8,0.82625
6,19,9,0.80935
6,19,10,0.81451
6,19,11,0.48925
6,19,12,0.8493
6,19,13,0.84881
6,19,14,0.8162
6,19,15,0.74999
6,19,16,0.43696
6,19,17,0.82577
6,19,18,0.81342
6,19,19,0.83705
6,19,20,0.24675
6,19,21,0.86528
6,19,22,0.85305
6,19,23,0.4283
6,19,24,0.81544
6,19,25,0.63557
6,19,26,0.81636
6,21,0,0.79565
6,21,1,0.18334
6,21,2,0.69447
6,21,3,0.82191
6,21,4,0.22369
6,21,5,0.84174
6,21,6,0.59874
6,21,7,0.80468
6,21,8,0.85365
6,21,9,0.23539
6,21,10,0.37771
6,21,11,0.81902
6,21,12,0.3
6,21,13,0.45218
6,21,14,0.37465
6,21,15,0.43111
6,21,16,0.23236
6,21,17,0.84601
6,21,18,0.39162
6,21,19,0.30387
6,21,20,0.87326
6,21,21,0.55107
6,21,22,0.8353
6,21,23,0.80657
6,21,24,0.26773
6,22,0,0.61852
6,22,1,0.83905
6,22,2,0.83624
6,22,3,0.38837
6,22,4,0.83363
6,22,5,0.65068
6,22,6,0.7924
6,22,7,0.90238
6,22,8,0.82521
6,22,9,0.60887
6,22,10,0.82464
6,22,11,0.5337
6,22,12,0.54547
6,22,13,0.75321
6,22,14,0.83515
6,22,15,0.56677
6,22,16,0.83107
6,22,17,0.75808
6,22,18,0.81856
6,22,19,0.84939
6,22,20,0.63157
6,22,21,0.82359
6,22,22,0.83673
6,22,23,0.81821
6,22,24,0.8329
6,22,25,0.57653
6,22,26,0.83362
6,22,27,0.24175
6,22,28,0.8562
6,22,29,0.6488
6,26,0,0.61124
6,26,1,0.75738
6,26,2,0.82703
6,26,3,0.7682
6,26,4,0.81159
6,26,5,0.82932
6,26,6,0.8387
6,26,7,0.85792
6,26,8,0.83501
6,26,9,0.82497
6,26,10,0.79881
6,26,11,0.85712
6,26,12,0.84189
6,26,13,0.82763
6,26,14,0.67034
6,26,15,0.80721
6,26,16,0.80415
6,26,17,0.80874
6,26,18,0.82959
6,26,19,0.80776
6,26,20,0.74695
6,26,21,0.80368
6,26,22,0.47194
6,26,23,0.75479
